"period","trtmnt_1977","type","censusdate","nind","biomass","energy"
1,"control","other",1977-07-16,0,0,0
2,"control","other",1977-08-19,1,162.5347738,259.013252088968
3,"control","other",1977-09-11,2,325.0695476,518.026504177937
4,"control","other",1977-10-16,2,325.0695476,518.026504177937
5,"control","other",1977-11-12,3,487.6043214,777.039756266905
6,"control","other",1977-12-10,3,487.6043214,777.039756266905
7,"control","other",1978-01-08,3,487.6043214,777.039756266905
8,"control","other",1978-02-18,1,197,299.200238938645
9,"control","other",1978-03-11,1,0,0
10,"control","other",1978-04-08,0,0,0
11,"control","other",1978-05-17,0,0,0
12,"control","other",1978-06-08,0,0,0
13,"control","other",1978-07-07,1,113,197.206442630021
14,"control","other",1978-08-04,1,189,290.040482896577
15,"control","other",1978-09-03,3,465,747.330051360527
16,"control","other",1978-10-06,3,487.6043214,777.039756266905
17,"control","other",1978-11-04,1,153,247.531708556524
18,"control","other",1978-12-02,2,392,595.055571220299
19,"control","other",1979-01-28,0,0,0
20,"control","other",1979-02-24,0,0,0
21,"control","other",1979-03-31,0,0,0
22,"control","other",1979-04-28,2,325,506.557230508177
23,"control","other",1979-05-29,3,208,410.097433438878
24,"control","other",1979-07-03,0,0,0
25,"control","other",1979-07-24,1,151,245.100940013089
26,"control","other",1979-08-21,1,72,140.640900585978
27,"control","other",1979-09-22,0,0,0
28,"control","other",1979-10-24,2,303,484.035684352214
29,"control","other",1979-11-17,2,326,513.651807307707
30,"control","other",1980-01-15,3,448,723.176410302169
31,"control","other",1980-02-24,1,147,240.215079887395
32,"control","other",1980-03-21,1,97,175.869717951792
33,"control","other",1980-04-17,0,0,0
34,"control","other",1980-05-17,2,287,467.268273397076
35,"control","other",1980-06-22,0,0,0
36,"control","other",1980-07-21,1,80,152.205293412634
37,"control","other",1980-08-13,2,256,427.889431584181
38,"control","other",1980-09-07,2,315,505.5414459026
39,"control","other",1980-10-11,1,200,302.61103653617
40,"control","other",1980-11-08,1,193,294.632226815801
41,"control","other",1980-12-15,2,305,491.160713506146
42,"control","other",1981-01-11,1,199,301.47553442278
43,"control","other",1981-01-31,1,195,296.919161146276
44,"control","other",1981-03-08,0,0,0
45,"control","other",1981-05-03,0,0,0
46,"control","other",1981-06-04,3,263,489.01993853041
47,"control","other",1981-07-07,0,0,0
48,"control","other",1981-07-30,0,0,0
49,"control","other",1981-08-30,2,345,541.668704585439
50,"control","other",1981-09-29,2,315,505.932317350615
51,"control","other",1981-10-24,3,554,852.261070609932
52,"control","other",1981-11-22,3,619,925.945438003066
53,"control","other",1981-12-30,2,263,436.08528699767
54,"control","other",1982-01-24,4,557,857.25514917295
55,"control","other",1982-02-22,2,424,631.998986241054
56,"control","other",1982-03-29,1,212,316.12887228693
57,"control","other",1982-04-28,1,217,321.704448835697
58,"control","other",1982-05-21,3,460,730.481373325224
59,"control","other",1982-06-28,2,135,266.649354210486
60,"control","other",1982-07-25,1,123,210.155664294767
61,"control","other",1982-08-15,0,0,0
62,"control","other",1982-09-18,1,189,290.040482896577
63,"control","other",1982-11-21,3,515.5347738,804.246267897566
64,"control","other",1983-01-12,2,447,657.512962416581
65,"control","other",1983-02-26,0,0,0
66,"control","other",1983-03-14,0,0,0
67,"control","other",1983-04-16,2,219,384.487651937922
68,"control","other",1983-05-14,1,142,234.060713554663
69,"control","other",1983-06-17,0,0,0
70,"control","other",1983-07-16,2,266,442.745949199754
71,"control","other",1983-08-15,4,613,986.897167672022
72,"control","other",1983-09-10,3,484,772.448268757722
73,"control","other",1983-10-15,2,165,261.954114666805
74,"control","other",1983-11-12,1,171,269.066326336279
75,"control","other",1983-12-08,2,332,526.259178654311
76,"control","other",1984-02-04,0,0,0
77,"control","other",1984-03-12,0,0,0
78,"control","other",1984-04-09,1,95,173.143012844186
79,"control","other",1984-05-27,2,255,431.786704125253
80,"control","other",1984-07-03,3,460,738.295655835673
81,"control","other",1984-07-31,3,411,683.512188771365
82,"control","other",1984-08-25,3,297,520.432449397625
83,"control","other",1984-09-29,1,146,238.988447613837
84,"control","other",1984-10-20,0,0,0
85,"control","other",1984-12-30,0,0,0
86,"control","other",1985-01-19,0,0,0
87,"control","other",1985-02-16,0,0,0
88,"control","other",1985-03-16,0,0,0
89,"control","other",1985-05-23,0,0,0
90,"control","other",1985-06-15,2,349,546.250899759907
91,"control","other",1985-07-23,1,170,267.885346103455
92,"control","other",1985-08-19,2,282,462.064671588119
93,"control","other",1985-09-21,1,155,249.954546123968
94,"control","other",1985-10-12,2,297,482.294361593639
95,"control","other",1985-11-16,2,321,511.28487163637
96,"control","other",1985-12-07,0,0,0
97,"control","other",1986-03-08,2,358,556.774111806493
98,"control","other",1986-04-12,1,180,279.618978758663
99,"control","other",1986-05-10,4,574,932.760258122192
100,"control","other",1986-06-04,2,368,568.531361946106
101,"control","other",1986-07-03,3,435,710.194696779349
102,"control","other",1986-08-09,3,465,745.166867860931
103,"control","other",1986-09-06,0,0,0
104,"control","other",1986-10-04,1,94,171.774287809203
105,"control","other",1986-11-15,0,0,0
106,"control","other",1986-12-14,2,414,621.028410970804
107,"control","other",1987-01-31,4,503,842.247697659714
108,"control","other",1987-03-01,0,0,0
109,"control","other",1987-04-04,2,406,611.949890715155
110,"control","other",1987-04-25,2,445,655.436957982094
111,"control","other",1987-05-28,1,150,243.882540674793
112,"control","other",1987-06-30,0,0,0
113,"control","other",1987-07-25,3,441,708.056905241637
114,"control","other",1987-08-25,2,282,464.673344682376
115,"control","other",1987-09-26,4,581,929.694425751301
116,"control","other",1987-10-24,2,270,435.715676892873
117,"control","other",1987-11-21,2,407,611.386405202947
118,"control","other",1988-01-23,1,51,108.590016337657
119,"control","other",1988-02-21,3,358.5347738,605.362981551354
120,"control","other",1988-03-20,1,232,338.242561909173
121,"control","other",1988-04-17,3,295,521.737545254967
122,"control","other",1988-05-14,2,368,568.476246848038
123,"control","other",1988-06-11,5,666,1105.61434303987
124,"control","other",1988-07-14,3,360,616.958385679634
125,"control","other",1988-08-09,1,188,288.888765703038
126,"control","other",1988-09-11,1,94,171.774287809203
127,"control","other",1988-10-08,1,162.5347738,259.013252088968
128,"control","other",1988-11-05,1,33,78.3425532205783
129,"control","other",1988-12-13,4,262,475.840884272286
130,"control","other",1989-01-10,3,253.5347738,450.840700500147
131,"control","other",1989-02-04,3,195,373.603077902913
132,"control","other",1989-03-12,4,543,886.714157616043
133,"control","other",1989-04-01,3,231,419.588053069514
134,"control","other",1989-05-09,2,251.5347738,423.888237975647
135,"control","other",1989-06-03,4,299,554.016313116546
136,"control","other",1989-07-03,4,202,403.708508726051
137,"control","other",1989-07-29,1,151,245.100940013089
138,"control","other",1989-09-03,0,0,0
139,"control","other",1989-10-07,2,223,372.510702585047
140,"control","other",1989-11-04,3,253,439.33155081772
141,"control","other",1989-12-04,3,144,300.557048672031
142,"control","other",1990-01-06,3,154,324.098633705487
143,"control","other",1990-01-29,2,245,402.963400171226
144,"control","other",1990-02-24,4,359,636.795171805887
145,"control","other",1990-03-29,2,110,229.769850577423
146,"control","other",1990-04-24,3,223,424.356885446554
147,"control","other",1990-05-23,0,0,0
148,"control","other",1990-06-21,0,0,0
149,"control","other",1990-07-21,0,0,0
150,"control","other",1990-08-16,0,0,0
151,"control","other",1990-09-22,1,145,237.759713124729
152,"control","other",1990-10-15,1,138,229.098149462921
153,"control","other",1990-11-10,0,0,0
154,"control","other",1990-12-15,0,0,0
155,"control","other",1991-01-11,0,0,0
1,"exclosure","other",1977-07-16,2,325.0695476,518.026504177937
2,"exclosure","other",1977-08-19,1,162.5347738,259.013252088968
3,"exclosure","other",1977-09-11,0,0,0
4,"exclosure","other",1977-10-16,0,0,0
5,"exclosure","other",1977-11-12,3,0,0
6,"exclosure","other",1977-12-10,2,0,0
7,"exclosure","other",1978-01-08,3,162.5347738,259.013252088968
8,"exclosure","other",1978-02-18,1,0,0
9,"exclosure","other",1978-03-11,2,232,338.242561909173
10,"exclosure","other",1978-04-08,2,182,281.945915474252
11,"exclosure","other",1978-05-17,2,182,281.945915474252
12,"exclosure","other",1978-06-08,2,0,0
13,"exclosure","other",1978-07-07,3,305,491.009155651807
14,"exclosure","other",1978-08-04,2,196,298.060427430412
15,"exclosure","other",1978-09-03,1,141,232.823385949575
16,"exclosure","other",1978-10-06,1,162.5347738,259.013252088968
17,"exclosure","other",1978-11-04,2,0,0
18,"exclosure","other",1978-12-02,1,0,0
19,"exclosure","other",1979-01-28,3,0,0
20,"exclosure","other",1979-02-24,2,0,0
21,"exclosure","other",1979-03-31,4,0,0
22,"exclosure","other",1979-04-28,3,0,0
23,"exclosure","other",1979-05-29,2,0,0
24,"exclosure","other",1979-07-03,1,0,0
25,"exclosure","other",1979-07-24,0,0,0
26,"exclosure","other",1979-08-21,1,0,0
27,"exclosure","other",1979-09-22,1,0,0
28,"exclosure","other",1979-10-24,1,0,0
29,"exclosure","other",1979-11-17,0,0,0
30,"exclosure","other",1980-01-15,0,0,0
31,"exclosure","other",1980-02-24,0,0,0
32,"exclosure","other",1980-03-21,0,0,0
33,"exclosure","other",1980-04-17,1,0,0
34,"exclosure","other",1980-05-17,2,0,0
35,"exclosure","other",1980-06-22,1,150,243.882540674793
36,"exclosure","other",1980-07-21,3,0,0
37,"exclosure","other",1980-08-13,2,154,248.744110642271
38,"exclosure","other",1980-09-07,1,0,0
39,"exclosure","other",1980-10-11,1,0,0
40,"exclosure","other",1980-11-08,1,0,0
41,"exclosure","other",1980-12-15,2,0,0
42,"exclosure","other",1981-01-11,2,0,0
43,"exclosure","other",1981-01-31,2,0,0
44,"exclosure","other",1981-03-08,0,0,0
45,"exclosure","other",1981-05-03,0,0,0
46,"exclosure","other",1981-06-04,2,0,0
47,"exclosure","other",1981-07-07,2,158,253.574210279017
48,"exclosure","other",1981-07-30,4,174,272.59896501792
49,"exclosure","other",1981-08-30,3,0,0
50,"exclosure","other",1981-09-29,3,165,261.954114666805
51,"exclosure","other",1981-10-24,3,360,558.873275813081
52,"exclosure","other",1981-11-22,1,157,252.36958043541
53,"exclosure","other",1981-12-30,1,163,259.569087092598
54,"exclosure","other",1982-01-24,0,0,0
55,"exclosure","other",1982-02-22,2,356,552.769544245332
56,"exclosure","other",1982-03-29,1,103,183.967109573043
57,"exclosure","other",1982-04-28,3,255,452.998041700211
58,"exclosure","other",1982-05-21,3,300,487.365923307352
59,"exclosure","other",1982-06-28,3,468,750.426204749145
60,"exclosure","other",1982-07-25,0,0,0
61,"exclosure","other",1982-08-15,2,315,505.137488792868
62,"exclosure","other",1982-09-18,0,0,0
63,"exclosure","other",1982-11-21,2,211,336.979236003487
64,"exclosure","other",1983-01-12,0,0,0
65,"exclosure","other",1983-02-26,0,0,0
66,"exclosure","other",1983-03-14,1,36.21052632,83.9920912227517
67,"exclosure","other",1983-04-16,1,88.46170213,164.126510130875
68,"exclosure","other",1983-05-14,1,110,193.266588328572
69,"exclosure","other",1983-06-17,2,267,446.301721376602
70,"exclosure","other",1983-07-16,1,134,224.099488446291
71,"exclosure","other",1983-08-15,1,145,237.759713124729
72,"exclosure","other",1983-09-10,3,285,469.330571299804
73,"exclosure","other",1983-10-15,3,590,891.321805731037
74,"exclosure","other",1983-11-12,1,148,241.439627806472
75,"exclosure","other",1983-12-08,2,292,477.968486088078
76,"exclosure","other",1984-02-04,3,664,976.155174108642
77,"exclosure","other",1984-03-12,0,0,0
78,"exclosure","other",1984-04-09,2,467,679.444259580492
79,"exclosure","other",1984-05-27,2,366,563.517365108489
80,"exclosure","other",1984-07-03,3,185,332.341768204256
81,"exclosure","other",1984-07-31,3,341,534.747176135067
82,"exclosure","other",1984-08-25,3,427,635.601756502815
83,"exclosure","other",1984-09-29,3,250,396.507726473391
84,"exclosure","other",1984-10-20,4,76,192.635526786102
85,"exclosure","other",1984-12-30,3,32,76.5552096446982
86,"exclosure","other",1985-01-19,0,0,0
87,"exclosure","other",1985-02-16,1,141,232.823385949575
88,"exclosure","other",1985-03-16,1,153,247.531708556524
89,"exclosure","other",1985-05-23,1,0,0
90,"exclosure","other",1985-06-15,1,0,0
91,"exclosure","other",1985-07-23,1,0,0
92,"exclosure","other",1985-08-19,3,157,252.36958043541
93,"exclosure","other",1985-09-21,3,192.5347738,331.951144080805
94,"exclosure","other",1985-10-12,1,0,0
95,"exclosure","other",1985-11-16,3,180,319.104852774402
96,"exclosure","other",1985-12-07,4,409,654.558074434161
97,"exclosure","other",1986-03-08,3,212,360.222664493436
98,"exclosure","other",1986-04-12,4,278,457.571506679892
99,"exclosure","other",1986-05-10,1,138,229.098149462921
100,"exclosure","other",1986-06-04,4,395,659.982419813187
101,"exclosure","other",1986-07-03,0,0,0
102,"exclosure","other",1986-08-09,3,0,0
103,"exclosure","other",1986-09-06,2,172,270.245581240266
104,"exclosure","other",1986-10-04,2,55,114.91700096632
105,"exclosure","other",1986-11-15,2,0,0
106,"exclosure","other",1986-12-14,1,177,276.116408733003
107,"exclosure","other",1987-01-31,0,0,0
108,"exclosure","other",1987-03-01,1,176,274.945595738535
109,"exclosure","other",1987-04-04,1,199,301.47553442278
110,"exclosure","other",1987-04-25,2,69,136.222574687631
111,"exclosure","other",1987-05-28,2,275.75221239,451.01516486937
112,"exclosure","other",1987-06-30,0,0,0
113,"exclosure","other",1987-07-25,1,79,150.776127522502
114,"exclosure","other",1987-08-25,2,228,393.224972330289
115,"exclosure","other",1987-09-26,4,498,788.490039972557
116,"exclosure","other",1987-10-24,2,180,279.618978758663
117,"exclosure","other",1987-11-21,3,537,834.948133064562
118,"exclosure","other",1988-01-23,2,407,613.106365773756
119,"exclosure","other",1988-02-21,4,293,527.785530600267
120,"exclosure","other",1988-03-20,4,368,628.713211164581
121,"exclosure","other",1988-04-17,2,175,324.608010159021
122,"exclosure","other",1988-05-14,3,288,522.278317167477
123,"exclosure","other",1988-06-11,4,293,538.591758006666
124,"exclosure","other",1988-07-14,3,403,667.120136833631
125,"exclosure","other",1988-08-09,4,403,663.027170355253
126,"exclosure","other",1988-09-11,2,0,0
127,"exclosure","other",1988-10-08,3,143,279.350480879001
128,"exclosure","other",1988-11-05,5,262,543.745791533078
129,"exclosure","other",1988-12-13,3,422,690.169393175585
130,"exclosure","other",1989-01-10,4,536,878.533142016321
131,"exclosure","other",1989-02-04,4,528,867.891051013505
132,"exclosure","other",1989-03-12,6,575,1013.270441915
133,"exclosure","other",1989-04-01,4,481,817.25862290234
134,"exclosure","other",1989-05-09,8,892,1522.81107601566
135,"exclosure","other",1989-06-03,7,613,1128.60428904014
136,"exclosure","other",1989-07-03,7,697,1228.59389419954
137,"exclosure","other",1989-07-29,3,138,295.595870268679
138,"exclosure","other",1989-09-03,6,547,926.867308516717
139,"exclosure","other",1989-10-07,4,248,461.713595502583
140,"exclosure","other",1989-11-04,4,225.5347738,412.302939798293
141,"exclosure","other",1989-12-04,4,408,680.814038354296
142,"exclosure","other",1990-01-06,3,162,339.616956269271
143,"exclosure","other",1990-01-29,2,96,207.492531639527
144,"exclosure","other",1990-02-24,2,147,285.455646477033
145,"exclosure","other",1990-03-29,3,402,653.155118253789
146,"exclosure","other",1990-04-24,3,92,183.772591927646
147,"exclosure","other",1990-05-23,5,227,452.554224046554
148,"exclosure","other",1990-06-21,3,61,138.834788598934
149,"exclosure","other",1990-07-21,1,0,0
150,"exclosure","other",1990-08-16,2,9,29.5661072852007
151,"exclosure","other",1990-09-22,1,0,0
152,"exclosure","other",1990-10-15,1,8,27.0663539374619
153,"exclosure","other",1990-11-10,0,0,0
154,"exclosure","other",1990-12-15,2,16,54.1327078749239
155,"exclosure","other",1991-01-11,1,9,29.5661072852007
1,"control","dipo",1977-07-16,9,544.54563679,1087.37678011124
2,"control","dipo",1977-08-19,12,659.49120365,1347.44154942259
3,"control","dipo",1977-09-11,14,840.7826812,1680.36487024335
4,"control","dipo",1977-10-16,15,1095.5653624,2078.49287433486
5,"control","dipo",1977-11-12,13,912.9275604,1745.97494938804
6,"control","dipo",1977-12-10,17,1438,2626.82726429979
7,"control","dipo",1978-01-08,12,945,1748.66772843221
8,"control","dipo",1978-02-18,10,794.52721657,1469.73066467265
9,"control","dipo",1978-03-11,11,948.52721657,1725.48577624361
10,"control","dipo",1978-04-08,13,1155.52721657,2089.47467238452
11,"control","dipo",1978-05-17,15,1079,2049.72273317173
12,"control","dipo",1978-06-08,18,1274,2425.68641430823
13,"control","dipo",1978-07-07,19,1375,2612.98034893514
14,"control","dipo",1978-08-04,16,1125,2141.89379347525
15,"control","dipo",1978-09-03,21,1491,2846.92742624989
16,"control","dipo",1978-10-06,17,1176,2261.3854471099
17,"control","dipo",1978-11-04,14,825,1654.43032957591
18,"control","dipo",1978-12-02,10,659,1284.29493375176
19,"control","dipo",1979-01-28,8,545,1051.29518884598
20,"control","dipo",1979-02-24,10,751,1416.92631457446
21,"control","dipo",1979-03-31,10,873.9275604,1603.75907889328
22,"control","dipo",1979-04-28,11,765,1475.62037848109
23,"control","dipo",1979-05-29,12,823,1588.13789724612
24,"control","dipo",1979-07-03,11,821,1560.15169466959
25,"control","dipo",1979-07-24,8,670,1235.77857465964
26,"control","dipo",1979-08-21,9,687,1292.81575549776
27,"control","dipo",1979-09-22,8,511,1001.99987845037
28,"control","dipo",1979-10-24,12,776,1511.91742896091
29,"control","dipo",1979-11-17,13,830,1617.51959251623
30,"control","dipo",1980-01-15,19,1011,2087.14581538006
31,"control","dipo",1980-02-24,13,704,1433.81868660469
32,"control","dipo",1980-03-21,11,751,1456.89903729032
33,"control","dipo",1980-04-17,13,963,1822.1706688062
34,"control","dipo",1980-05-17,13,849,1653.60216957863
35,"control","dipo",1980-06-22,18,1081,2148.64932430097
36,"control","dipo",1980-07-21,14,1007,1915.45763125727
37,"control","dipo",1980-08-13,14,972,1859.20500155913
38,"control","dipo",1980-09-07,8,723,1309.75784776703
39,"control","dipo",1980-10-11,11,857,1600.38426532648
40,"control","dipo",1980-11-08,15,1117,2111.23538973752
41,"control","dipo",1980-12-15,12,907.9275604,1710.99172542399
42,"control","dipo",1981-01-11,15,1096.52721657,2081.48418668967
43,"control","dipo",1981-01-31,17,1180,2274.99643780924
44,"control","dipo",1981-03-08,17,1164,2235.86177825227
45,"control","dipo",1981-05-03,19,1260,2443.62392588011
46,"control","dipo",1981-06-04,17,1068,2086.58337178682
47,"control","dipo",1981-07-07,19,1115,2234.66619474074
48,"control","dipo",1981-07-30,13,753,1520.65688220798
49,"control","dipo",1981-08-30,12,697,1396.73902044698
50,"control","dipo",1981-09-29,12,845,1607.96351450464
51,"control","dipo",1981-10-24,14,890,1746.59539379175
52,"control","dipo",1981-11-22,21,1294.05443314,2568.5990662165
53,"control","dipo",1981-12-30,18,1154,2258.2501587491
54,"control","dipo",1982-01-24,18,926,1940.66809566633
55,"control","dipo",1982-02-22,26,1563.52721657,3140.84843323764
56,"control","dipo",1982-03-29,21,1233,2485.90056655298
57,"control","dipo",1982-04-28,19,1129,2277.71419531369
58,"control","dipo",1982-05-21,22,1331.9275604,2651.72840229594
59,"control","dipo",1982-06-28,27,1729,3407.45733611047
60,"control","dipo",1982-07-25,30,1811,3595.89984055561
61,"control","dipo",1982-08-15,31,1774,3579.72352702546
62,"control","dipo",1982-09-18,21,1307,2587.62977481665
63,"control","dipo",1982-11-21,27,1597,3202.85027336025
64,"control","dipo",1983-01-12,24,1504,2963.98814971156
65,"control","dipo",1983-02-26,25,1407,2867.4226752952
66,"control","dipo",1983-03-14,28,1846,3612.3674098546
67,"control","dipo",1983-04-16,25,1769.03951957,3398.69315190765
68,"control","dipo",1983-05-14,15,1006,1960.45385339497
69,"control","dipo",1983-06-17,23,1485,2881.2785195241
70,"control","dipo",1983-07-16,15,785,1630.93149701318
71,"control","dipo",1983-08-15,19,1132,2254.4887725934
72,"control","dipo",1983-09-10,29,1983,3825.31031964922
73,"control","dipo",1983-10-15,18,940,1942.39825916229
74,"control","dipo",1983-11-12,27,1794,3480.67940583052
75,"control","dipo",1983-12-08,20,1430,2724.3914092918
76,"control","dipo",1984-02-04,18,1129,2224.76576777616
77,"control","dipo",1984-03-12,16,1102,2129.59672692443
78,"control","dipo",1984-04-09,8,620.9275604,1162.77861360177
79,"control","dipo",1984-05-27,10,378,860.312822817008
80,"control","dipo",1984-07-03,13,565,1244.22523703679
81,"control","dipo",1984-07-31,13,668,1401.90200327617
82,"control","dipo",1984-08-25,10,452,990.31138324724
83,"control","dipo",1984-09-29,20,964,2051.41852526192
84,"control","dipo",1984-10-20,22,1025,2195.1681653855
85,"control","dipo",1984-12-30,13,671,1399.65135894266
86,"control","dipo",1985-01-19,17,663,1506.93921022501
87,"control","dipo",1985-02-16,13,641,1347.61901108323
88,"control","dipo",1985-03-16,14,736,1527.57065817242
89,"control","dipo",1985-05-23,13,685,1421.01363572497
90,"control","dipo",1985-06-15,17,850,1788.04091843754
91,"control","dipo",1985-07-23,16,772,1643.49766293006
92,"control","dipo",1985-08-19,15,691,1507.89309764032
93,"control","dipo",1985-09-21,26,1364,2848.44684571526
94,"control","dipo",1985-10-12,28,1496,3100.39882683507
95,"control","dipo",1985-11-16,30,1621.05443314,3337.42197464538
96,"control","dipo",1985-12-07,22,1216,2483.33353770231
97,"control","dipo",1986-03-08,22,1450.03951957,2822.57554726107
98,"control","dipo",1986-04-12,20,1277,2518.29686792196
99,"control","dipo",1986-05-10,17,1115,2168.73323066294
100,"control","dipo",1986-06-04,16,749,1606.59974189551
101,"control","dipo",1986-07-03,22,1175,2398.59825730878
102,"control","dipo",1986-08-09,16,1017,2001.92962444749
103,"control","dipo",1986-09-06,16,955,1890.40676192646
104,"control","dipo",1986-10-04,14,880,1733.63955602022
105,"control","dipo",1986-11-15,17,1056,2084.94744132067
106,"control","dipo",1986-12-14,13,759,1511.55919412522
107,"control","dipo",1987-01-31,18,1100,2194.48197579599
108,"control","dipo",1987-03-01,16,1042,2041.42037639867
109,"control","dipo",1987-04-04,14,856,1700.2933863001
110,"control","dipo",1987-04-25,19,1173,2334.80257002541
111,"control","dipo",1987-05-28,16,959,1920.88237125178
112,"control","dipo",1987-06-30,21,1107,2287.5515611539
113,"control","dipo",1987-07-25,19,941,1986.17827408991
114,"control","dipo",1987-08-25,14,623,1366.61267449818
115,"control","dipo",1987-09-26,14,765,1570.01538081655
116,"control","dipo",1987-10-24,11,472,1048.22213750787
117,"control","dipo",1987-11-21,19,897,1910.09682819207
118,"control","dipo",1988-01-23,18,917,1921.77990981464
119,"control","dipo",1988-02-21,23,1134,2398.81353894821
120,"control","dipo",1988-03-20,23,1147.03951957,2424.99193119596
121,"control","dipo",1988-04-17,18,982,2025.16928536948
122,"control","dipo",1988-05-14,20,1004,2111.36843762653
123,"control","dipo",1988-06-11,22,1075,2285.57624011476
124,"control","dipo",1988-07-14,17,865,1807.80226151799
125,"control","dipo",1988-08-09,19,982,2050.87851527779
126,"control","dipo",1988-09-11,11,659,1323.51414762365
127,"control","dipo",1988-10-08,22,1118.52721657,2342.14316551447
128,"control","dipo",1988-11-05,16,835,1733.23918313584
129,"control","dipo",1988-12-13,17,880,1835.12715631621
130,"control","dipo",1989-01-10,17,870,1820.82378363203
131,"control","dipo",1989-02-04,20,1052,2193.81683324975
132,"control","dipo",1989-03-12,13,661,1402.45220767285
133,"control","dipo",1989-04-01,12,633,1327.189109785
134,"control","dipo",1989-05-09,16,744,1601.42444569298
135,"control","dipo",1989-06-03,13,617.39257813,1321.65722825617
136,"control","dipo",1989-07-03,13,625,1338.4423336184
137,"control","dipo",1989-07-29,18,862,1850.62295693862
138,"control","dipo",1989-09-03,15,701,1524.09891220813
139,"control","dipo",1989-10-07,16,702,1546.20224273571
140,"control","dipo",1989-11-04,17,806,1746.22366280937
141,"control","dipo",1989-12-04,20,951,2058.67458483851
142,"control","dipo",1990-01-06,16,760.03951957,1644.96052039673
143,"control","dipo",1990-01-29,19,876.52721657,1908.99396552435
144,"control","dipo",1990-02-24,24,1066,2341.40929919806
145,"control","dipo",1990-03-29,22,1017.52721657,2217.32902573994
146,"control","dipo",1990-04-24,22,951.52721657,2098.04593864072
147,"control","dipo",1990-05-23,25,1069,2370.26843388918
148,"control","dipo",1990-06-21,19,744,1675.10804496887
149,"control","dipo",1990-07-21,19,841.52721657,1850.88946964393
150,"control","dipo",1990-08-16,20,876,1930.92291075588
151,"control","dipo",1990-09-22,16,750,1628.17111703586
152,"control","dipo",1990-10-15,22,946,2096.11971958885
153,"control","dipo",1990-11-10,22,949,2103.23477619265
154,"control","dipo",1990-12-15,29,1254.52721657,2780.18071604456
155,"control","dipo",1991-01-11,26,1128,2496.28134177905
1,"exclosure","dipo",1977-07-16,11,555.1997261,1170.44120795672
2,"exclosure","dipo",1977-08-19,13,675.80357648,1398.31237771551
3,"exclosure","dipo",1977-09-11,11,772.34632445,1479.321034945
4,"exclosure","dipo",1977-10-16,10,407,914.366980490245
5,"exclosure","dipo",1977-11-12,0,0,0
6,"exclosure","dipo",1977-12-10,0,0,0
7,"exclosure","dipo",1978-01-08,0,0,0
8,"exclosure","dipo",1978-02-18,3,139,302.871241651701
9,"exclosure","dipo",1978-03-11,5,231,504.097881722782
10,"exclosure","dipo",1978-04-08,1,47,102.137602618615
11,"exclosure","dipo",1978-05-17,1,41,92.1934694843704
12,"exclosure","dipo",1978-06-08,0,0,0
13,"exclosure","dipo",1978-07-07,0,0,0
14,"exclosure","dipo",1978-08-04,0,0,0
15,"exclosure","dipo",1978-09-03,1,43.52721657,96.4235104463235
16,"exclosure","dipo",1978-10-06,0,0,0
17,"exclosure","dipo",1978-11-04,0,0,0
18,"exclosure","dipo",1978-12-02,0,0,0
19,"exclosure","dipo",1979-01-28,0,0,0
20,"exclosure","dipo",1979-02-24,0,0,0
21,"exclosure","dipo",1979-03-31,0,0,0
22,"exclosure","dipo",1979-04-28,0,0,0
23,"exclosure","dipo",1979-05-29,0,0,0
24,"exclosure","dipo",1979-07-03,0,0,0
25,"exclosure","dipo",1979-07-24,0,0,0
26,"exclosure","dipo",1979-08-21,0,0,0
27,"exclosure","dipo",1979-09-22,0,0,0
28,"exclosure","dipo",1979-10-24,0,0,0
29,"exclosure","dipo",1979-11-17,0,0,0
30,"exclosure","dipo",1980-01-15,0,0,0
31,"exclosure","dipo",1980-02-24,0,0,0
32,"exclosure","dipo",1980-03-21,1,45,98.8602380143538
33,"exclosure","dipo",1980-04-17,0,0,0
34,"exclosure","dipo",1980-05-17,0,0,0
35,"exclosure","dipo",1980-06-22,0,0,0
36,"exclosure","dipo",1980-07-21,0,0,0
37,"exclosure","dipo",1980-08-13,0,0,0
38,"exclosure","dipo",1980-09-07,0,0,0
39,"exclosure","dipo",1980-10-11,0,0,0
40,"exclosure","dipo",1980-11-08,0,0,0
41,"exclosure","dipo",1980-12-15,0,0,0
42,"exclosure","dipo",1981-01-11,0,0,0
43,"exclosure","dipo",1981-01-31,0,0,0
44,"exclosure","dipo",1981-03-08,0,0,0
45,"exclosure","dipo",1981-05-03,0,0,0
46,"exclosure","dipo",1981-06-04,0,0,0
47,"exclosure","dipo",1981-07-07,0,0,0
48,"exclosure","dipo",1981-07-30,0,0,0
49,"exclosure","dipo",1981-08-30,0,0,0
50,"exclosure","dipo",1981-09-29,0,0,0
51,"exclosure","dipo",1981-10-24,0,0,0
52,"exclosure","dipo",1981-11-22,0,0,0
53,"exclosure","dipo",1981-12-30,0,0,0
54,"exclosure","dipo",1982-01-24,0,0,0
55,"exclosure","dipo",1982-02-22,0,0,0
56,"exclosure","dipo",1982-03-29,0,0,0
57,"exclosure","dipo",1982-04-28,0,0,0
58,"exclosure","dipo",1982-05-21,0,0,0
59,"exclosure","dipo",1982-06-28,0,0,0
60,"exclosure","dipo",1982-07-25,0,0,0
61,"exclosure","dipo",1982-08-15,0,0,0
62,"exclosure","dipo",1982-09-18,0,0,0
63,"exclosure","dipo",1982-11-21,0,0,0
64,"exclosure","dipo",1983-01-12,6,262,579.667633352355
65,"exclosure","dipo",1983-02-26,0,0,0
66,"exclosure","dipo",1983-03-14,1,48,103.763161232581
67,"exclosure","dipo",1983-04-16,0,0,0
68,"exclosure","dipo",1983-05-14,1,46,100.503373641219
69,"exclosure","dipo",1983-06-17,0,0,0
70,"exclosure","dipo",1983-07-16,0,0,0
71,"exclosure","dipo",1983-08-15,0,0,0
72,"exclosure","dipo",1983-09-10,0,0,0
73,"exclosure","dipo",1983-10-15,1,42,93.8748452722046
74,"exclosure","dipo",1983-11-12,1,46,100.503373641219
75,"exclosure","dipo",1983-12-08,0,0,0
76,"exclosure","dipo",1984-02-04,1,37,85.3617990345562
77,"exclosure","dipo",1984-03-12,0,0,0
78,"exclosure","dipo",1984-04-09,0,0,0
79,"exclosure","dipo",1984-05-27,0,0,0
80,"exclosure","dipo",1984-07-03,0,0,0
81,"exclosure","dipo",1984-07-31,0,0,0
82,"exclosure","dipo",1984-08-25,0,0,0
83,"exclosure","dipo",1984-09-29,2,69,161.993664966304
84,"exclosure","dipo",1984-10-20,0,0,0
85,"exclosure","dipo",1984-12-30,0,0,0
86,"exclosure","dipo",1985-01-19,1,42,93.8748452722046
87,"exclosure","dipo",1985-02-16,2,76,173.763157246745
88,"exclosure","dipo",1985-03-16,5,217,480.90369478731
89,"exclosure","dipo",1985-05-23,3,129,286.629034414597
90,"exclosure","dipo",1985-06-15,2,76,173.244342067529
91,"exclosure","dipo",1985-07-23,4,123,295.104395685434
92,"exclosure","dipo",1985-08-19,1,49,105.380274719703
93,"exclosure","dipo",1985-09-21,3,124,277.827726403831
94,"exclosure","dipo",1985-10-12,5,200,451.130105561404
95,"exclosure","dipo",1985-11-16,2,83,186.068314756575
96,"exclosure","dipo",1985-12-07,3,128,284.880027847114
97,"exclosure","dipo",1986-03-08,0,0,0
98,"exclosure","dipo",1986-04-12,0,0,0
99,"exclosure","dipo",1986-05-10,0,0,0
100,"exclosure","dipo",1986-06-04,0,0,0
101,"exclosure","dipo",1986-07-03,1,29,71.1067394489141
102,"exclosure","dipo",1986-08-09,0,0,0
103,"exclosure","dipo",1986-09-06,0,0,0
104,"exclosure","dipo",1986-10-04,0,0,0
105,"exclosure","dipo",1986-11-15,0,0,0
106,"exclosure","dipo",1986-12-14,0,0,0
107,"exclosure","dipo",1987-01-31,0,0,0
108,"exclosure","dipo",1987-03-01,0,0,0
109,"exclosure","dipo",1987-04-04,0,0,0
110,"exclosure","dipo",1987-04-25,0,0,0
111,"exclosure","dipo",1987-05-28,0,0,0
112,"exclosure","dipo",1987-06-30,0,0,0
113,"exclosure","dipo",1987-07-25,0,0,0
114,"exclosure","dipo",1987-08-25,0,0,0
115,"exclosure","dipo",1987-09-26,0,0,0
116,"exclosure","dipo",1987-10-24,0,0,0
117,"exclosure","dipo",1987-11-21,1,41,92.1934694843704
118,"exclosure","dipo",1988-01-23,1,40,90.5018089336904
119,"exclosure","dipo",1988-02-21,1,39,88.7995411482622
120,"exclosure","dipo",1988-03-20,2,81,182.674386420467
121,"exclosure","dipo",1988-04-17,0,0,0
122,"exclosure","dipo",1988-05-14,0,0,0
123,"exclosure","dipo",1988-06-11,0,0,0
124,"exclosure","dipo",1988-07-14,0,0,0
125,"exclosure","dipo",1988-08-09,0,0,0
126,"exclosure","dipo",1988-09-11,0,0,0
127,"exclosure","dipo",1988-10-08,0,0,0
128,"exclosure","dipo",1988-11-05,0,0,0
129,"exclosure","dipo",1988-12-13,0,0,0
130,"exclosure","dipo",1989-01-10,0,0,0
131,"exclosure","dipo",1989-02-04,1,44,97.2079476020466
132,"exclosure","dipo",1989-03-12,0,0,0
133,"exclosure","dipo",1989-04-01,0,0,0
134,"exclosure","dipo",1989-05-09,0,0,0
135,"exclosure","dipo",1989-06-03,0,0,0
136,"exclosure","dipo",1989-07-03,0,0,0
137,"exclosure","dipo",1989-07-29,0,0,0
138,"exclosure","dipo",1989-09-03,0,0,0
139,"exclosure","dipo",1989-10-07,0,0,0
140,"exclosure","dipo",1989-11-04,0,0,0
141,"exclosure","dipo",1989-12-04,0,0,0
142,"exclosure","dipo",1990-01-06,0,0,0
143,"exclosure","dipo",1990-01-29,0,0,0
144,"exclosure","dipo",1990-02-24,0,0,0
145,"exclosure","dipo",1990-03-29,0,0,0
146,"exclosure","dipo",1990-04-24,0,0,0
147,"exclosure","dipo",1990-05-23,0,0,0
148,"exclosure","dipo",1990-06-21,0,0,0
149,"exclosure","dipo",1990-07-21,0,0,0
150,"exclosure","dipo",1990-08-16,0,0,0
151,"exclosure","dipo",1990-09-22,0,0,0
152,"exclosure","dipo",1990-10-15,0,0,0
153,"exclosure","dipo",1990-11-10,1,38,87.0863249865208
154,"exclosure","dipo",1990-12-15,2,83,185.946563000875
155,"exclosure","dipo",1991-01-11,1,40,90.5018089336904
1,"control","small_granivore",1977-07-16,2,35.23702584,97.8631518855269
2,"control","small_granivore",1977-08-19,4,47.518262293,143.599288475437
3,"control","small_granivore",1977-09-11,1,16,45.52
4,"control","small_granivore",1977-10-16,1,8,27.0663539374619
5,"control","small_granivore",1977-11-12,2,13,46.3005297110166
6,"control","small_granivore",1977-12-10,1,6,21.8135175789677
7,"control","small_granivore",1978-01-08,0,0,0
8,"control","small_granivore",1978-02-18,0,0,0
9,"control","small_granivore",1978-03-11,0,0,0
10,"control","small_granivore",1978-04-08,0,0,0
11,"control","small_granivore",1978-05-17,2,22,67.8561421870452
12,"control","small_granivore",1978-06-08,2,23,70.4354839924583
13,"control","small_granivore",1978-07-07,2,26,77.5172214033309
14,"control","small_granivore",1978-08-04,1,18,49.7240672582641
15,"control","small_granivore",1978-09-03,4,54,158.985863517506
16,"control","small_granivore",1978-10-06,2,21,65.1826476339641
17,"control","small_granivore",1978-11-04,0,0,0
18,"control","small_granivore",1978-12-02,0,0,0
19,"control","small_granivore",1979-01-28,0,0,0
20,"control","small_granivore",1979-02-24,0,0,0
21,"control","small_granivore",1979-03-31,0,0,0
22,"control","small_granivore",1979-04-28,0,0,0
23,"control","small_granivore",1979-05-29,0,0,0
24,"control","small_granivore",1979-07-03,0,0,0
25,"control","small_granivore",1979-07-24,1,16,45.52
26,"control","small_granivore",1979-08-21,0,0,0
27,"control","small_granivore",1979-09-22,1,14,41.1820814442282
28,"control","small_granivore",1979-10-24,1,16,45.52
29,"control","small_granivore",1979-11-17,3,34,104.652214570401
30,"control","small_granivore",1980-01-15,2,18,59.0635753407928
31,"control","small_granivore",1980-02-24,2,23,70.0070121320489
32,"control","small_granivore",1980-03-21,3,32.899749373,101.897677630829
33,"control","small_granivore",1980-04-17,1,8,27.0663539374619
34,"control","small_granivore",1980-05-17,1,8,27.0663539374619
35,"control","small_granivore",1980-06-22,1,7,24.4870121320489
36,"control","small_granivore",1980-07-21,1,7,24.4870121320489
37,"control","small_granivore",1980-08-13,1,13,38.9555894891111
38,"control","small_granivore",1980-09-07,3,37,111.541943426573
39,"control","small_granivore",1980-10-11,1,16,45.52
40,"control","small_granivore",1980-11-08,1,7,24.4870121320489
41,"control","small_granivore",1980-12-15,1,7,24.4870121320489
42,"control","small_granivore",1981-01-11,2,25,75.5502809115451
43,"control","small_granivore",1981-01-31,2,27,80.0549475274521
44,"control","small_granivore",1981-03-08,1,6,21.8135175789677
45,"control","small_granivore",1981-05-03,1,12,36.6858174724557
46,"control","small_granivore",1981-06-04,2,39,105.542384217007
47,"control","small_granivore",1981-07-07,4,42,130.392796436598
48,"control","small_granivore",1981-07-30,2,33,93.0931973132604
49,"control","small_granivore",1981-08-30,0,0,0
50,"control","small_granivore",1981-09-29,3,50,140.514778996509
51,"control","small_granivore",1981-10-24,3,23,78.4459788016304
52,"control","small_granivore",1981-11-22,1,7,24.4870121320489
53,"control","small_granivore",1981-12-30,4,38,122.30155479894
54,"control","small_granivore",1982-01-24,4,57,164.384346573345
55,"control","small_granivore",1982-02-22,5,68,200.094916807613
56,"control","small_granivore",1982-03-29,3,42,121.7344982141
57,"control","small_granivore",1982-04-28,6,75,224.678747020382
58,"control","small_granivore",1982-05-21,4,65,179.691861489258
59,"control","small_granivore",1982-06-28,4,75.899749373,203.28622714801
60,"control","small_granivore",1982-07-25,5,60,180.36729437153
61,"control","small_granivore",1982-08-15,10,160,449.936716760151
62,"control","small_granivore",1982-09-18,2,30,84.2466756400061
63,"control","small_granivore",1982-11-21,9,71,237.467818987984
64,"control","small_granivore",1983-01-12,9,86,271.915124324028
65,"control","small_granivore",1983-02-26,4,52,152.11704130211
66,"control","small_granivore",1983-03-14,11,105,331.949276595042
67,"control","small_granivore",1983-04-16,7,101,283.43036929936
68,"control","small_granivore",1983-05-14,9,111,331.849550987679
69,"control","small_granivore",1983-06-17,3,38,112.667909151646
70,"control","small_granivore",1983-07-16,3,43,125.105627603133
71,"control","small_granivore",1983-08-15,5,56,171.191346903261
72,"control","small_granivore",1983-09-10,4,35,114.643117840375
73,"control","small_granivore",1983-10-15,1,9,29.5661072852007
74,"control","small_granivore",1983-11-12,0,0,0
75,"control","small_granivore",1983-12-08,1,7,24.4870121320489
76,"control","small_granivore",1984-02-04,1,10,31.9972214033309
77,"control","small_granivore",1984-03-12,1,11,34.3681994673169
78,"control","small_granivore",1984-04-09,2,35,96.0661442737971
79,"control","small_granivore",1984-05-27,0,0,0
80,"control","small_granivore",1984-07-03,2,30,85.8099189556116
81,"control","small_granivore",1984-07-31,0,0,0
82,"control","small_granivore",1984-08-25,1,22,57.8001914615828
83,"control","small_granivore",1984-09-29,0,0,0
84,"control","small_granivore",1984-10-20,1,20,53.8126975522807
85,"control","small_granivore",1984-12-30,1,14,41.1820814442282
86,"control","small_granivore",1985-01-19,3,50,140.006008934039
87,"control","small_granivore",1985-02-16,1,40,90.5018089336904
88,"control","small_granivore",1985-03-16,1,5,19.0256616765792
89,"control","small_granivore",1985-05-23,1,13,38.9555894891111
90,"control","small_granivore",1985-06-15,0,0,0
91,"control","small_granivore",1985-07-23,1,23,59.7596635079572
92,"control","small_granivore",1985-08-19,0,0,0
93,"control","small_granivore",1985-09-21,4,79,207.972676444848
94,"control","small_granivore",1985-10-12,3,55,151.229973163233
95,"control","small_granivore",1985-11-16,4,68,188.973341036467
96,"control","small_granivore",1985-12-07,3,37,109.179816325751
97,"control","small_granivore",1986-03-08,4,63,178.930028751737
98,"control","small_granivore",1986-04-12,0,0,0
99,"control","small_granivore",1986-05-10,4,72,197.811911530621
100,"control","small_granivore",1986-06-04,0,0,0
101,"control","small_granivore",1986-07-03,1,23,59.7596635079572
102,"control","small_granivore",1986-08-09,0,0,0
103,"control","small_granivore",1986-09-06,0,0,0
104,"control","small_granivore",1986-10-04,2,34,94.4860089340385
105,"control","small_granivore",1986-11-15,3,37,112.236098384001
106,"control","small_granivore",1986-12-14,2,27,80.1376709333393
107,"control","small_granivore",1987-01-31,4,68,188.882277303672
108,"control","small_granivore",1987-03-01,3,47,132.352532894503
109,"control","small_granivore",1987-04-04,4,80,213.78173488551
110,"control","small_granivore",1987-04-25,4,82,218.695114850677
111,"control","small_granivore",1987-05-28,3,61,163.296428318502
112,"control","small_granivore",1987-06-30,3,58,156.987638475322
113,"control","small_granivore",1987-07-25,6,114.98281643,310.486827052619
114,"control","small_granivore",1987-08-25,4,67,186.27543855833
115,"control","small_granivore",1987-09-26,4,70,192.602369050424
116,"control","small_granivore",1987-10-24,8,166,438.905342850265
117,"control","small_granivore",1987-11-21,12,194,543.541449328678
118,"control","small_granivore",1988-01-23,6,98,272.495428601881
119,"control","small_granivore",1988-02-21,3,53,145.144087751901
120,"control","small_granivore",1988-03-20,4,49,148.086709532243
121,"control","small_granivore",1988-04-17,2,33,92.5041344311984
122,"control","small_granivore",1988-05-14,3,48,136.176860440737
123,"control","small_granivore",1988-06-11,3,64,169.078908404387
124,"control","small_granivore",1988-07-14,2,29,84.0922667255809
125,"control","small_granivore",1988-08-09,3,66,172.715545799711
126,"control","small_granivore",1988-09-11,2,30,86.7020814442282
127,"control","small_granivore",1988-10-08,0,0,0
128,"control","small_granivore",1988-11-05,4,64,180.29592788965
129,"control","small_granivore",1988-12-13,9,118,347.907072391052
130,"control","small_granivore",1989-01-10,9,135,385.726991873122
131,"control","small_granivore",1989-02-04,14,193,560.550193547088
132,"control","small_granivore",1989-03-12,8,135,374.214643836166
133,"control","small_granivore",1989-04-01,6,85,246.355520549954
134,"control","small_granivore",1989-05-09,1,11,34.3681994673169
135,"control","small_granivore",1989-06-03,2,28,81.7212886615949
136,"control","small_granivore",1989-07-03,1,16,45.52
137,"control","small_granivore",1989-07-29,4,54.72923441,159.78037247743
138,"control","small_granivore",1989-09-03,3,51,142.084383052065
139,"control","small_granivore",1989-10-07,3,50,140.550957662273
140,"control","small_granivore",1989-11-04,5,63,189.024725469109
141,"control","small_granivore",1989-12-04,9,86,277.114413914774
142,"control","small_granivore",1990-01-06,2,21,66.3654208706477
143,"control","small_granivore",1990-01-29,2,19,61.5633286885316
144,"control","small_granivore",1990-02-24,4,52,153.32021359982
145,"control","small_granivore",1990-03-29,6,73,220.546380103369
146,"control","small_granivore",1990-04-24,0,0,0
147,"control","small_granivore",1990-05-23,0,0,0
148,"control","small_granivore",1990-06-21,0,0,0
149,"control","small_granivore",1990-07-21,0,0,0
150,"control","small_granivore",1990-08-16,0,0,0
151,"control","small_granivore",1990-09-22,0,0,0
152,"control","small_granivore",1990-10-15,0,0,0
153,"control","small_granivore",1990-11-10,0,0,0
154,"control","small_granivore",1990-12-15,3,25,83.6988151601246
155,"control","small_granivore",1991-01-11,1,10,31.9972214033309
1,"exclosure","small_granivore",1977-07-16,1,21.98281643,57.7663285988927
2,"exclosure","small_granivore",1977-08-19,0,0,0
3,"exclosure","small_granivore",1977-09-11,1,15,43.3691300549964
4,"exclosure","small_granivore",1977-10-16,1,13,38.9555894891111
5,"exclosure","small_granivore",1977-11-12,0,0,0
6,"exclosure","small_granivore",1977-12-10,1,7,24.4870121320489
7,"exclosure","small_granivore",1978-01-08,1,7,24.4870121320489
8,"exclosure","small_granivore",1978-02-18,0,0,0
9,"exclosure","small_granivore",1978-03-11,2,15.899749373,53.87792428309
10,"exclosure","small_granivore",1978-04-08,0,0,0
11,"exclosure","small_granivore",1978-05-17,0,0,0
12,"exclosure","small_granivore",1978-06-08,1,8,27.0663539374619
13,"exclosure","small_granivore",1978-07-07,3,30,95.7493928132485
14,"exclosure","small_granivore",1978-08-04,5,76,217.030672431366
15,"exclosure","small_granivore",1978-09-03,8,82,257.250498510248
16,"exclosure","small_granivore",1978-10-06,6,64,196.593936798198
17,"exclosure","small_granivore",1978-11-04,2,12,43.6270351579355
18,"exclosure","small_granivore",1978-12-02,2,15,51.5533660695108
19,"exclosure","small_granivore",1979-01-28,0,0,0
20,"exclosure","small_granivore",1979-02-24,1,24,61.6979448064802
21,"exclosure","small_granivore",1979-03-31,0,0,0
22,"exclosure","small_granivore",1979-04-28,2,33,93.0931973132604
23,"exclosure","small_granivore",1979-05-29,3,41,118.995345186245
24,"exclosure","small_granivore",1979-07-03,4,45,138.255447513739
25,"exclosure","small_granivore",1979-07-24,6,86.899749373,250.403413609434
26,"exclosure","small_granivore",1979-08-21,1,15,43.3691300549964
27,"exclosure","small_granivore",1979-09-22,3,47,131.704956938529
28,"exclosure","small_granivore",1979-10-24,4,49,146.275862910803
29,"exclosure","small_granivore",1979-11-17,9,109,324.442210473221
30,"exclosure","small_granivore",1980-01-15,10,95,305.54625058769
31,"exclosure","small_granivore",1980-02-24,12,114,364.882899620171
32,"exclosure","small_granivore",1980-03-21,14,135.899749373,432.437194470449
33,"exclosure","small_granivore",1980-04-17,8,72,235.932441508753
34,"exclosure","small_granivore",1980-05-17,4,29,100.527390333609
35,"exclosure","small_granivore",1980-06-22,2,29,84.0922667255809
36,"exclosure","small_granivore",1980-07-21,2,15,51.5533660695108
37,"exclosure","small_granivore",1980-08-13,4,37,120.626904029324
38,"exclosure","small_granivore",1980-09-07,7,73,224.219468576949
39,"exclosure","small_granivore",1980-10-11,1,7,24.4870121320489
40,"exclosure","small_granivore",1980-11-08,3,20,70.7875418430655
41,"exclosure","small_granivore",1980-12-15,2,15,51.5533660695108
42,"exclosure","small_granivore",1981-01-11,4,39,125.107136357022
43,"exclosure","small_granivore",1981-01-31,4,38,122.884385980319
44,"exclosure","small_granivore",1981-03-08,7,72,224.92144323678
45,"exclosure","small_granivore",1981-05-03,5,55,166.643277641216
46,"exclosure","small_granivore",1981-06-04,4,59,168.798224709066
47,"exclosure","small_granivore",1981-07-07,3,37,108.639535024387
48,"exclosure","small_granivore",1981-07-30,0,0,0
49,"exclosure","small_granivore",1981-08-30,1,9,29.5661072852007
50,"exclosure","small_granivore",1981-09-29,1,16,45.52
51,"exclosure","small_granivore",1981-10-24,3,57,155.31860345725
52,"exclosure","small_granivore",1981-11-22,8,95,285.486312346678
53,"exclosure","small_granivore",1981-12-30,24,318,933.17789178442
54,"exclosure","small_granivore",1982-01-24,16,201.899749373,594.492231213088
55,"exclosure","small_granivore",1982-02-22,30,360.7079252,1079.4625574707
56,"exclosure","small_granivore",1982-03-29,26,284,871.801172058347
57,"exclosure","small_granivore",1982-04-28,12,155,454.543221642318
58,"exclosure","small_granivore",1982-05-21,10,155,436.373708512403
59,"exclosure","small_granivore",1982-06-28,20,259,752.720335989665
60,"exclosure","small_granivore",1982-07-25,23,292,857.688566883199
61,"exclosure","small_granivore",1982-08-15,19,222,669.425074551001
62,"exclosure","small_granivore",1982-09-18,8,104,303.722301785079
63,"exclosure","small_granivore",1982-11-21,19,189,592.087373553815
64,"exclosure","small_granivore",1983-01-12,12,137,414.03495864111
65,"exclosure","small_granivore",1983-02-26,6,54,173.2715968148
66,"exclosure","small_granivore",1983-03-14,18,154,502.376566651917
67,"exclosure","small_granivore",1983-04-16,18,171,542.277941938476
68,"exclosure","small_granivore",1983-05-14,13,131,410.97431621999
69,"exclosure","small_granivore",1983-06-17,10,111,336.511744242668
70,"exclosure","small_granivore",1983-07-16,8,108,313.464131084138
71,"exclosure","small_granivore",1983-08-15,5,69,200.546341230316
72,"exclosure","small_granivore",1983-09-10,5,91,249.435771345267
73,"exclosure","small_granivore",1983-10-15,7,103,292.376935692992
74,"exclosure","small_granivore",1983-11-12,8,79,249.086522245702
75,"exclosure","small_granivore",1983-12-08,6,66,200.6052955878
76,"exclosure","small_granivore",1984-02-04,8,85,261.484090628768
77,"exclosure","small_granivore",1984-03-12,3,50,139.565843723164
78,"exclosure","small_granivore",1984-04-09,7,94,276.89957661412
79,"exclosure","small_granivore",1984-05-27,7,114,318.972423211383
80,"exclosure","small_granivore",1984-07-03,4,51,152.340702107271
81,"exclosure","small_granivore",1984-07-31,6,100,280.175418909559
82,"exclosure","small_granivore",1984-08-25,1,7,24.4870121320489
83,"exclosure","small_granivore",1984-09-29,2,23,70.4354839924583
84,"exclosure","small_granivore",1984-10-20,2,19,61.4345534047788
85,"exclosure","small_granivore",1984-12-30,2,32,91.04
86,"exclosure","small_granivore",1985-01-19,9,76,245.61189978661
87,"exclosure","small_granivore",1985-02-16,4,22,81.2114276304262
88,"exclosure","small_granivore",1985-03-16,7,106,300.855240957366
89,"exclosure","small_granivore",1985-05-23,7,79,238.904358030135
90,"exclosure","small_granivore",1985-06-15,6,84,243.975198566108
91,"exclosure","small_granivore",1985-07-23,5,80,226.137355773022
92,"exclosure","small_granivore",1985-08-19,3,59,158.079310285197
93,"exclosure","small_granivore",1985-09-21,3,47,134.339580966921
94,"exclosure","small_granivore",1985-10-12,1,21,55.8183169587426
95,"exclosure","small_granivore",1985-11-16,5,50,159.683699565766
96,"exclosure","small_granivore",1985-12-07,7,100,287.823000067374
97,"exclosure","small_granivore",1986-03-08,8,113.61851292,327.56575523756
98,"exclosure","small_granivore",1986-04-12,3,53,147.05683769209
99,"exclosure","small_granivore",1986-05-10,8,116,335.580470563668
100,"exclosure","small_granivore",1986-06-04,7,130,354.66496341236
101,"exclosure","small_granivore",1986-07-03,8,139,383.153647281626
102,"exclosure","small_granivore",1986-08-09,3,56,153.260832068809
103,"exclosure","small_granivore",1986-09-06,4,64,180.659423289328
104,"exclosure","small_granivore",1986-10-04,1,25,63.616133959869
105,"exclosure","small_granivore",1986-11-15,4,77,207.306733887621
106,"exclosure","small_granivore",1986-12-14,10,172.72923441,475.156776963358
107,"exclosure","small_granivore",1987-01-31,16,255.7079252,714.1842776265
108,"exclosure","small_granivore",1987-03-01,16,227,651.386023379673
109,"exclosure","small_granivore",1987-04-04,11,175,488.799281085169
110,"exclosure","small_granivore",1987-04-25,15,238,674.398856160074
111,"exclosure","small_granivore",1987-05-28,15,273.98281643,748.461497664298
112,"exclosure","small_granivore",1987-06-30,17,264,743.573567793215
113,"exclosure","small_granivore",1987-07-25,19,259.72923441,760.306693589215
114,"exclosure","small_granivore",1987-08-25,16,259,730.106112184351
115,"exclosure","small_granivore",1987-09-26,9,162.61851292,447.293021149933
116,"exclosure","small_granivore",1987-10-24,11,192,526.419423217118
117,"exclosure","small_granivore",1987-11-21,24,362,1029.14270272851
118,"exclosure","small_granivore",1988-01-23,21,251,759.020919669
119,"exclosure","small_granivore",1988-02-21,21,297,854.012361115184
120,"exclosure","small_granivore",1988-03-20,14,215,607.06476575873
121,"exclosure","small_granivore",1988-04-17,11,200,541.395618977138
122,"exclosure","small_granivore",1988-05-14,6,106,292.517003886448
123,"exclosure","small_granivore",1988-06-11,8,133,369.875804126649
124,"exclosure","small_granivore",1988-07-14,5,99,266.879340489134
125,"exclosure","small_granivore",1988-08-09,10,139.33206832,407.776291460083
126,"exclosure","small_granivore",1988-09-11,4,82,218.020495125843
127,"exclosure","small_granivore",1988-10-08,2,38,103.128793562954
128,"exclosure","small_granivore",1988-11-05,5,76,215.429664423911
129,"exclosure","small_granivore",1988-12-13,11,135.72923441,409.280590765482
130,"exclosure","small_granivore",1989-01-10,15,195,576.542228512463
131,"exclosure","small_granivore",1989-02-04,18,255,736.162316442578
132,"exclosure","small_granivore",1989-03-12,17,263,744.407269370184
133,"exclosure","small_granivore",1989-04-01,18,241,705.614727258396
134,"exclosure","small_granivore",1989-05-09,15,206,594.446279497539
135,"exclosure","small_granivore",1989-06-03,16,218.72923441,637.966191724732
136,"exclosure","small_granivore",1989-07-03,10,127.72923441,379.931218184063
137,"exclosure","small_granivore",1989-07-29,7,98,286.876049913627
138,"exclosure","small_granivore",1989-09-03,3,55,150.799663507957
139,"exclosure","small_granivore",1989-10-07,6,106,290.07355365106
140,"exclosure","small_granivore",1989-11-04,17,217.72923441,644.628136701969
141,"exclosure","small_granivore",1989-12-04,24,290,872.215273319394
142,"exclosure","small_granivore",1990-01-06,7,77,238.209923257308
143,"exclosure","small_granivore",1990-01-29,12,140,423.696462327943
144,"exclosure","small_granivore",1990-02-24,14,160,488.960505259351
145,"exclosure","small_granivore",1990-03-29,14,159,484.392431274726
146,"exclosure","small_granivore",1990-04-24,17,206,618.677215866668
147,"exclosure","small_granivore",1990-05-23,11,130,390.955357131186
148,"exclosure","small_granivore",1990-06-21,7,68,216.97346989123
149,"exclosure","small_granivore",1990-07-21,5,56,172.721949351574
150,"exclosure","small_granivore",1990-08-16,7,69,218.274394638407
151,"exclosure","small_granivore",1990-09-22,3,67,174.793313233947
152,"exclosure","small_granivore",1990-10-15,8,88.98281643,272.685984181959
153,"exclosure","small_granivore",1990-11-10,12,161,469.43652944823
154,"exclosure","small_granivore",1990-12-15,13,153.72923441,467.191689603369
155,"exclosure","small_granivore",1991-01-11,13,141.72923441,441.095873850548
1,"control","grasshopper",1977-07-16,0,0,0
2,"control","grasshopper",1977-08-19,0,0,0
3,"control","grasshopper",1977-09-11,0,0,0
4,"control","grasshopper",1977-10-16,0,0,0
5,"control","grasshopper",1977-11-12,0,0,0
6,"control","grasshopper",1977-12-10,1,24.05599577,61.8058765978623
7,"control","grasshopper",1978-01-08,3,79.23871131,198.594661877446
8,"control","grasshopper",1978-02-18,0,0,0
9,"control","grasshopper",1978-03-11,2,64,152.983999254653
10,"control","grasshopper",1978-04-08,0,0,0
11,"control","grasshopper",1978-05-17,0,0,0
12,"control","grasshopper",1978-06-08,0,0,0
13,"control","grasshopper",1978-07-07,1,22,57.8001914615828
14,"control","grasshopper",1978-08-04,0,0,0
15,"control","grasshopper",1978-09-03,2,44,115.510642358761
16,"control","grasshopper",1978-10-06,0,0,0
17,"control","grasshopper",1978-11-04,6,158,396.119811633151
18,"control","grasshopper",1978-12-02,2,55,136.554025951706
19,"control","grasshopper",1979-01-28,1,35,81.8772598057385
20,"control","grasshopper",1979-02-24,2,68,160.180789463316
21,"control","grasshopper",1979-03-31,0,0,0
22,"control","grasshopper",1979-04-28,0,0,0
23,"control","grasshopper",1979-05-29,0,0,0
24,"control","grasshopper",1979-07-03,0,0,0
25,"control","grasshopper",1979-07-24,2,55,135.407418465323
26,"control","grasshopper",1979-08-21,4,103,258.608854338208
27,"control","grasshopper",1979-09-22,3,78,195.962692937014
28,"control","grasshopper",1979-10-24,3,64,168.902056108266
29,"control","grasshopper",1979-11-17,2,71,165.502839624356
30,"control","grasshopper",1980-01-15,3,83.12671977,205.849311638593
31,"control","grasshopper",1980-02-24,3,106,247.232010598699
32,"control","grasshopper",1980-03-21,0,0,0
33,"control","grasshopper",1980-04-17,0,0,0
34,"control","grasshopper",1980-05-17,1,24,61.6979448064802
35,"control","grasshopper",1980-06-22,0,0,0
36,"control","grasshopper",1980-07-21,0,0,0
37,"control","grasshopper",1980-08-13,3,94,225.609798926173
38,"control","grasshopper",1980-09-07,3,72,183.215576764481
39,"control","grasshopper",1980-10-11,6,140,359.034954628892
40,"control","grasshopper",1980-11-08,1,23,59.7596635079572
41,"control","grasshopper",1980-12-15,4,111,274.33447881349
42,"control","grasshopper",1981-01-11,0,0,0
43,"control","grasshopper",1981-01-31,2,79,179.236644306761
44,"control","grasshopper",1981-03-08,2,51,125.485358620718
45,"control","grasshopper",1981-05-03,0,0,0
46,"control","grasshopper",1981-06-04,3,78,194.390860076911
47,"control","grasshopper",1981-07-07,0,0,0
48,"control","grasshopper",1981-07-30,1,31,74.7538451814357
49,"control","grasshopper",1981-08-30,0,0,0
50,"control","grasshopper",1981-09-29,1,24,61.6979448064802
51,"control","grasshopper",1981-10-24,5,112,291.642965939715
52,"control","grasshopper",1981-11-22,4,117,285.900712563956
53,"control","grasshopper",1981-12-30,3,88,214.242138697775
54,"control","grasshopper",1982-01-24,6,207,483.426157987658
55,"control","grasshopper",1982-02-22,5,161,383.431579633533
56,"control","grasshopper",1982-03-29,2,56,138.253154451178
57,"control","grasshopper",1982-04-28,1,38,87.0863249865208
58,"control","grasshopper",1982-05-21,2,71,164.375469125331
59,"control","grasshopper",1982-06-28,0,0,0
60,"control","grasshopper",1982-07-25,4,115,281.512991982218
61,"control","grasshopper",1982-08-15,3,120,271.121587735474
62,"control","grasshopper",1982-09-18,5,128,317.760015280055
63,"control","grasshopper",1982-11-21,6,197,466.976284679348
64,"control","grasshopper",1983-01-12,4,140,327.012697889202
65,"control","grasshopper",1983-02-26,3,91,220.385481452979
66,"control","grasshopper",1983-03-14,2,57,140.36646876719
67,"control","grasshopper",1983-04-16,2,68,160.115644215992
68,"control","grasshopper",1983-05-14,1,16,45.52
69,"control","grasshopper",1983-06-17,5,117,300.786416193333
70,"control","grasshopper",1983-07-16,3,76,192.564347763352
71,"control","grasshopper",1983-08-15,3,73,187.012023572829
72,"control","grasshopper",1983-09-10,1,25,63.616133959869
73,"control","grasshopper",1983-10-15,5,144,352.873569578941
74,"control","grasshopper",1983-11-12,3,89,216.86201185713
75,"control","grasshopper",1983-12-08,8,233,567.390462347259
76,"control","grasshopper",1984-02-04,4,101,255.445953473998
77,"control","grasshopper",1984-03-12,1,43,95.5462415403459
78,"control","grasshopper",1984-04-09,1,33,78.3425532205783
79,"control","grasshopper",1984-05-27,4,90,232.537094090621
80,"control","grasshopper",1984-07-03,2,45,117.297069757683
81,"control","grasshopper",1984-07-31,5,129,323.629976532601
82,"control","grasshopper",1984-08-25,4,85,220.764125861628
83,"control","grasshopper",1984-09-29,2,71,164.805970858622
84,"control","grasshopper",1984-10-20,3,86,211.391015094652
85,"control","grasshopper",1984-12-30,5,150,359.798877254227
86,"control","grasshopper",1985-01-19,3,97,229.228145211333
87,"control","grasshopper",1985-02-16,6,196,463.916186839778
88,"control","grasshopper",1985-03-16,4,116,282.713372505847
89,"control","grasshopper",1985-05-23,3,88,213.775503613009
90,"control","grasshopper",1985-06-15,0,0,0
91,"control","grasshopper",1985-07-23,2,67,150.848715677679
92,"control","grasshopper",1985-08-19,3,99,234.861259060391
93,"control","grasshopper",1985-09-21,6,169,416.168789315026
94,"control","grasshopper",1985-10-12,8,234,569.463884811952
95,"control","grasshopper",1985-11-16,5,104,276.208084401173
96,"control","grasshopper",1985-12-07,6,145,370.626009396525
97,"control","grasshopper",1986-03-08,5,136,337.792507364745
98,"control","grasshopper",1986-04-12,2,65,154.482475189818
99,"control","grasshopper",1986-05-10,3,88,214.96452378047
100,"control","grasshopper",1986-06-04,1,36,83.6255798186177
101,"control","grasshopper",1986-07-03,1,24.05599577,61.8058765978623
102,"control","grasshopper",1986-08-09,1,30,72.9378919918372
103,"control","grasshopper",1986-09-06,3,73,186.724078866556
104,"control","grasshopper",1986-10-04,4,89,230.684736354528
105,"control","grasshopper",1986-11-15,6,161,401.514810475803
106,"control","grasshopper",1986-12-14,3,84,207.191338572088
107,"control","grasshopper",1987-01-31,4,120,290.66882955931
108,"control","grasshopper",1987-03-01,4,109,271.378752930356
109,"control","grasshopper",1987-04-04,4,118,287.608182545677
110,"control","grasshopper",1987-04-25,2,69,161.270995475502
111,"control","grasshopper",1987-05-28,3,83,205.742576247231
112,"control","grasshopper",1987-06-30,1,31,74.7538451814357
113,"control","grasshopper",1987-07-25,1,26,65.5152311109777
114,"control","grasshopper",1987-08-25,3,84,207.329581078023
115,"control","grasshopper",1987-09-26,6,158,396.286393916174
116,"control","grasshopper",1987-10-24,1,30,72.9378919918372
117,"control","grasshopper",1987-11-21,3,90,218.767419681147
118,"control","grasshopper",1988-01-23,0,0,0
119,"control","grasshopper",1988-02-21,3,83,205.311418595278
120,"control","grasshopper",1988-03-20,2,72,167.239058840295
121,"control","grasshopper",1988-04-17,2,75,172.448124021077
122,"control","grasshopper",1988-05-14,0,0,0
123,"control","grasshopper",1988-06-11,2,65,154.815151797576
124,"control","grasshopper",1988-07-14,2,51,128.906930910497
125,"control","grasshopper",1988-08-09,2,80,180.737497820092
126,"control","grasshopper",1988-09-11,2,39,105.594536198986
127,"control","grasshopper",1988-10-08,1,22,57.8001914615828
128,"control","grasshopper",1988-11-05,5,136,337.14943576976
129,"control","grasshopper",1988-12-13,2,61,147.661949093612
130,"control","grasshopper",1989-01-10,5,156,375.03806674685
131,"control","grasshopper",1989-02-04,6,171,420.473855161041
132,"control","grasshopper",1989-03-12,2,71,165.255654115126
133,"control","grasshopper",1989-04-01,2,71,165.428878207099
134,"control","grasshopper",1989-05-09,2,77,175.885866134783
135,"control","grasshopper",1989-06-03,0,0,0
136,"control","grasshopper",1989-07-03,2,32,90.9061487024923
137,"control","grasshopper",1989-07-29,3,71,182.278103901283
138,"control","grasshopper",1989-09-03,4,100,254.103272575377
139,"control","grasshopper",1989-10-07,4,115,282.01667420774
140,"control","grasshopper",1989-11-04,10,251,635.081846065031
141,"control","grasshopper",1989-12-04,2,52,130.957674124756
142,"control","grasshopper",1990-01-06,3,75,190.717337632713
143,"control","grasshopper",1990-01-29,1,22,57.8001914615828
144,"control","grasshopper",1990-02-24,3,80,199.800161535016
145,"control","grasshopper",1990-03-29,4,107,266.579070856951
146,"control","grasshopper",1990-04-24,3,83,205.766129344602
147,"control","grasshopper",1990-05-23,1,24,61.6979448064802
148,"control","grasshopper",1990-06-21,1,27,67.3961502032971
149,"control","grasshopper",1990-07-21,2,41,108.578231647525
150,"control","grasshopper",1990-08-16,3,67,173.310990595392
151,"control","grasshopper",1990-09-22,0,0,0
152,"control","grasshopper",1990-10-15,2,51,129.094095009777
153,"control","grasshopper",1990-11-10,2,49,125.078046277019
154,"control","grasshopper",1990-12-15,6,177,431.113941522654
155,"control","grasshopper",1991-01-11,6,186,448.111503417875
1,"exclosure","grasshopper",1977-07-16,0,0,0
2,"exclosure","grasshopper",1977-08-19,0,0,0
3,"exclosure","grasshopper",1977-09-11,0,0,0
4,"exclosure","grasshopper",1977-10-16,0,0,0
5,"exclosure","grasshopper",1977-11-12,3,93.38015931,224.948726045164
6,"exclosure","grasshopper",1977-12-10,4,96.22398308,247.223506391449
7,"exclosure","grasshopper",1978-01-08,3,79.23871131,198.594661877446
8,"exclosure","grasshopper",1978-02-18,4,94.05599577,243.023148420257
9,"exclosure","grasshopper",1978-03-11,4,96.11199154,246.927175768285
10,"exclosure","grasshopper",1978-04-08,1,23,59.7596635079572
11,"exclosure","grasshopper",1978-05-17,1,29,71.1067394489141
12,"exclosure","grasshopper",1978-06-08,2,41,107.79255692137
13,"exclosure","grasshopper",1978-07-07,0,0,0
14,"exclosure","grasshopper",1978-08-04,3,51,142.280353671441
15,"exclosure","grasshopper",1978-09-03,3,79,198.353824328053
16,"exclosure","grasshopper",1978-10-06,1,30,72.9378919918372
17,"exclosure","grasshopper",1978-11-04,1,21,55.8183169587426
18,"exclosure","grasshopper",1978-12-02,2,51,129.019392826233
19,"exclosure","grasshopper",1979-01-28,1,27,67.3961502032971
20,"exclosure","grasshopper",1979-02-24,2,56,138.453123102815
21,"exclosure","grasshopper",1979-03-31,0,0,0
22,"exclosure","grasshopper",1979-04-28,1,23,59.7596635079572
23,"exclosure","grasshopper",1979-05-29,2,39,105.067074861477
24,"exclosure","grasshopper",1979-07-03,3,66,172.938534420304
25,"exclosure","grasshopper",1979-07-24,2,66,156.631104987174
26,"exclosure","grasshopper",1979-08-21,2,45,116.897228840968
27,"exclosure","grasshopper",1979-09-22,2,80,180.619778801784
28,"exclosure","grasshopper",1979-10-24,4,114,279.358778313318
29,"exclosure","grasshopper",1979-11-17,2,43,113.618508420325
30,"exclosure","grasshopper",1980-01-15,4,101,255.044279700526
31,"exclosure","grasshopper",1980-02-24,3,77,194.646596181824
32,"exclosure","grasshopper",1980-03-21,2,63,151.280445212415
33,"exclosure","grasshopper",1980-04-17,1,36,83.6255798186177
34,"exclosure","grasshopper",1980-05-17,1,39,88.7995411482622
35,"exclosure","grasshopper",1980-06-22,1,26,65.5152311109777
36,"exclosure","grasshopper",1980-07-21,0,0,0
37,"exclosure","grasshopper",1980-08-13,0,0,0
38,"exclosure","grasshopper",1980-09-07,0,0,0
39,"exclosure","grasshopper",1980-10-11,5,95,256.398875036946
40,"exclosure","grasshopper",1980-11-08,4,104,261.45682344851
41,"exclosure","grasshopper",1980-12-15,0,0,0
42,"exclosure","grasshopper",1981-01-11,1,32,76.5552096446982
43,"exclosure","grasshopper",1981-01-31,1,28,69.259729318276
44,"exclosure","grasshopper",1981-03-08,2,55,136.655879521573
45,"exclosure","grasshopper",1981-05-03,0,0,0
46,"exclosure","grasshopper",1981-06-04,1,30,72.9378919918372
47,"exclosure","grasshopper",1981-07-07,1,25,63.616133959869
48,"exclosure","grasshopper",1981-07-30,1,39,88.7995411482622
49,"exclosure","grasshopper",1981-08-30,0,0,0
50,"exclosure","grasshopper",1981-09-29,2,43,113.572361060238
51,"exclosure","grasshopper",1981-10-24,0,0,0
52,"exclosure","grasshopper",1981-11-22,5,134,334.286777388076
53,"exclosure","grasshopper",1981-12-30,0,0,0
54,"exclosure","grasshopper",1982-01-24,2,66,155.572790078685
55,"exclosure","grasshopper",1982-02-22,0,0,0
56,"exclosure","grasshopper",1982-03-29,1,32,76.5552096446982
57,"exclosure","grasshopper",1982-04-28,1,26,65.5152311109777
58,"exclosure","grasshopper",1982-05-21,1,24,61.6979448064802
59,"exclosure","grasshopper",1982-06-28,2,47,120.57539151453
60,"exclosure","grasshopper",1982-07-25,1,25,63.616133959869
61,"exclosure","grasshopper",1982-08-15,3,86,210.636693653491
62,"exclosure","grasshopper",1982-09-18,1,29,71.1067394489141
63,"exclosure","grasshopper",1982-11-21,1,24,61.6979448064802
64,"exclosure","grasshopper",1983-01-12,2,59,143.732539120434
65,"exclosure","grasshopper",1983-02-26,2,58,141.958687180447
66,"exclosure","grasshopper",1983-03-14,1,34,80.1164051605652
67,"exclosure","grasshopper",1983-04-16,0,0,0
68,"exclosure","grasshopper",1983-05-14,3,75,190.284728298916
69,"exclosure","grasshopper",1983-06-17,2,82,184.22203704891
70,"exclosure","grasshopper",1983-07-16,6,180,432.300798556521
71,"exclosure","grasshopper",1983-08-15,2,53,132.554036643018
72,"exclosure","grasshopper",1983-09-10,3,82,203.768385562156
73,"exclosure","grasshopper",1983-10-15,2,58,141.958687180447
74,"exclosure","grasshopper",1983-11-12,4,100,254.242200424698
75,"exclosure","grasshopper",1983-12-08,0,0,0
76,"exclosure","grasshopper",1984-02-04,0,0,0
77,"exclosure","grasshopper",1984-03-12,2,76,173.99125043277
78,"exclosure","grasshopper",1984-04-09,2,53,132.554036643018
79,"exclosure","grasshopper",1984-05-27,4,116,282.395729762012
80,"exclosure","grasshopper",1984-07-03,3,102,239.253213325407
81,"exclosure","grasshopper",1984-07-31,1,40,90.5018089336904
82,"exclosure","grasshopper",1984-08-25,0,0,0
83,"exclosure","grasshopper",1984-09-29,3,76,191.459289914026
84,"exclosure","grasshopper",1984-10-20,5,129,321.774289022145
85,"exclosure","grasshopper",1984-12-30,2,49,125.078046277019
86,"exclosure","grasshopper",1985-01-19,0,0,0
87,"exclosure","grasshopper",1985-02-16,1,36,83.6255798186177
88,"exclosure","grasshopper",1985-03-16,0,0,0
89,"exclosure","grasshopper",1985-05-23,1,22,57.8001914615828
90,"exclosure","grasshopper",1985-06-15,0,0,0
91,"exclosure","grasshopper",1985-07-23,1,22,57.8001914615828
92,"exclosure","grasshopper",1985-08-19,2,50,127.232267919738
93,"exclosure","grasshopper",1985-09-21,0,0,0
94,"exclosure","grasshopper",1985-10-12,2,56,138.519458636552
95,"exclosure","grasshopper",1985-11-16,2,61,147.661949093612
96,"exclosure","grasshopper",1985-12-07,1,30,72.9378919918372
97,"exclosure","grasshopper",1986-03-08,0,0,0
98,"exclosure","grasshopper",1986-04-12,1,15,43.3691300549964
99,"exclosure","grasshopper",1986-05-10,2,30,85.3844242439434
100,"exclosure","grasshopper",1986-06-04,2,50,126.925056407657
101,"exclosure","grasshopper",1986-07-03,2,44,114.119973436065
102,"exclosure","grasshopper",1986-08-09,0,0,0
103,"exclosure","grasshopper",1986-09-06,3,78,196.253314564398
104,"exclosure","grasshopper",1986-10-04,2,56,138.253154451178
105,"exclosure","grasshopper",1986-11-15,0,0,0
106,"exclosure","grasshopper",1986-12-14,0,0,0
107,"exclosure","grasshopper",1987-01-31,0,0,0
108,"exclosure","grasshopper",1987-03-01,0,0,0
109,"exclosure","grasshopper",1987-04-04,0,0,0
110,"exclosure","grasshopper",1987-04-25,0,0,0
111,"exclosure","grasshopper",1987-05-28,0,0,0
112,"exclosure","grasshopper",1987-06-30,1,24,61.6979448064802
113,"exclosure","grasshopper",1987-07-25,4,102,257.436919679355
114,"exclosure","grasshopper",1987-08-25,2,48,123.31542257256
115,"exclosure","grasshopper",1987-09-26,2,46,119.519327015914
116,"exclosure","grasshopper",1987-10-24,1,27,67.3961502032971
117,"exclosure","grasshopper",1987-11-21,1,24,61.6979448064802
118,"exclosure","grasshopper",1988-01-23,1,24,61.6979448064802
119,"exclosure","grasshopper",1988-02-21,1,27,67.3961502032971
120,"exclosure","grasshopper",1988-03-20,2,59,144.044631440751
121,"exclosure","grasshopper",1988-04-17,1,28,69.259729318276
122,"exclosure","grasshopper",1988-05-14,2,52,131.012284163166
123,"exclosure","grasshopper",1988-06-11,3,70,180.968511263535
124,"exclosure","grasshopper",1988-07-14,0,0,0
125,"exclosure","grasshopper",1988-08-09,0,0,0
126,"exclosure","grasshopper",1988-09-11,1,27,67.3961502032971
127,"exclosure","grasshopper",1988-10-08,4,95,244.619775749399
128,"exclosure","grasshopper",1988-11-05,8,180,467.661863087083
129,"exclosure","grasshopper",1988-12-13,1,22,57.8001914615828
130,"exclosure","grasshopper",1989-01-10,6,147,375.865782090564
131,"exclosure","grasshopper",1989-02-04,8,223,549.976059091388
132,"exclosure","grasshopper",1989-03-12,1,28,69.259729318276
133,"exclosure","grasshopper",1989-04-01,0,0,0
134,"exclosure","grasshopper",1989-05-09,0,0,0
135,"exclosure","grasshopper",1989-06-03,0,0,0
136,"exclosure","grasshopper",1989-07-03,1,23,59.7596635079572
137,"exclosure","grasshopper",1989-07-29,1,27,67.3961502032971
138,"exclosure","grasshopper",1989-09-03,1,25,63.616133959869
139,"exclosure","grasshopper",1989-10-07,5,116,300.438092708141
140,"exclosure","grasshopper",1989-11-04,4,109,270.731018323473
141,"exclosure","grasshopper",1989-12-04,1,24,61.6979448064802
142,"exclosure","grasshopper",1990-01-06,1,22,57.8001914615828
143,"exclosure","grasshopper",1990-01-29,1,22,57.8001914615828
144,"exclosure","grasshopper",1990-02-24,3,69,179.278990523872
145,"exclosure","grasshopper",1990-03-29,1,24,61.6979448064802
146,"exclosure","grasshopper",1990-04-24,1,26,65.5152311109777
147,"exclosure","grasshopper",1990-05-23,0,0,0
148,"exclosure","grasshopper",1990-06-21,0,0,0
149,"exclosure","grasshopper",1990-07-21,1,39,88.7995411482622
150,"exclosure","grasshopper",1990-08-16,2,60,145.631636271543
151,"exclosure","grasshopper",1990-09-22,0,0,0
152,"exclosure","grasshopper",1990-10-15,1,24,61.6979448064802
153,"exclosure","grasshopper",1990-11-10,4,84,223.05864598223
154,"exclosure","grasshopper",1990-12-15,3,68,177.02716471432
155,"exclosure","grasshopper",1991-01-11,2,49,125.314078766349
