"period","trtmnt_1988","type","censusdate","nind","biomass","energy"
1,"control","other",1977-07-16,1,162.5347738,259.013252088968
2,"control","other",1977-08-19,2,325.0695476,518.026504177937
3,"control","other",1977-09-11,2,325.0695476,518.026504177937
4,"control","other",1977-10-16,2,325.0695476,518.026504177937
5,"control","other",1977-11-12,3,487.6043214,777.039756266905
6,"control","other",1977-12-10,2,325.0695476,518.026504177937
7,"control","other",1978-01-08,3,325.0695476,518.026504177937
8,"control","other",1978-02-18,1,218,322.815691313065
9,"control","other",1978-03-11,2,162.5347738,259.013252088968
10,"control","other",1978-04-08,1,162.5347738,259.013252088968
11,"control","other",1978-05-17,0,0,0
12,"control","other",1978-06-08,1,200,302.61103653617
13,"control","other",1978-07-07,0,0,0
14,"control","other",1978-08-04,2,388,591.516017319357
15,"control","other",1978-09-03,3,544,842.814932114239
16,"control","other",1978-10-06,3,487.6043214,777.039756266905
17,"control","other",1978-11-04,1,218,322.815691313065
18,"control","other",1978-12-02,1,223,328.352943374228
19,"control","other",1979-01-28,0,0,0
20,"control","other",1979-02-24,0,0,0
21,"control","other",1979-03-31,0,0,0
22,"control","other",1979-04-28,3,491,769.701145920504
23,"control","other",1979-05-29,4,392,694.363901574203
24,"control","other",1979-07-03,1,206,309.394565929118
25,"control","other",1979-07-24,0,0,0
26,"control","other",1979-08-21,1,72,140.640900585978
27,"control","other",1979-09-22,0,0,0
28,"control","other",1979-10-24,3,577,867.23540915056
29,"control","other",1979-11-17,2,403,608.285172203128
30,"control","other",1980-01-15,3,512,801.143366305973
31,"control","other",1980-02-24,0,0,0
32,"control","other",1980-03-21,1,97,175.869717951792
33,"control","other",1980-04-17,0,0,0
34,"control","other",1980-05-17,2,261,434.687279388765
35,"control","other",1980-06-22,0,0,0
36,"control","other",1980-07-21,0,0,0
37,"control","other",1980-08-13,1,173,271.423123345174
38,"control","other",1980-09-07,1,172,270.245581240266
39,"control","other",1980-10-11,1,200,302.61103653617
40,"control","other",1980-11-08,1,193,294.632226815801
41,"control","other",1980-12-15,1,189,290.040482896577
42,"control","other",1981-01-11,1,199,301.47553442278
43,"control","other",1981-01-31,1,195,296.919161146276
44,"control","other",1981-03-08,0,0,0
45,"control","other",1981-05-03,0,0,0
46,"control","other",1981-06-04,0,0,0
47,"control","other",1981-07-07,1,130,219.06337816878
48,"control","other",1981-07-30,0,0,0
49,"control","other",1981-08-30,2,173,271.423123345174
50,"control","other",1981-09-29,1,208,311.644715912889
51,"control","other",1981-10-24,1,235,341.517657623666
52,"control","other",1981-11-22,2,456,666.14862656921
53,"control","other",1981-12-30,2,289,465.860874168125
54,"control","other",1982-01-24,3,385,586.988477294429
55,"control","other",1982-02-22,2,428,636.538175431448
56,"control","other",1982-03-29,2,331,521.309343252123
57,"control","other",1982-04-28,1,217,321.704448835697
58,"control","other",1982-05-21,4,500,820.983182258914
59,"control","other",1982-06-28,4,494,823.664154121695
60,"control","other",1982-07-25,1,219,323.925660155204
61,"control","other",1982-08-15,2,264,442.213420842728
62,"control","other",1982-09-18,0,0,0
63,"control","other",1982-11-21,2,353,545.233015808598
64,"control","other",1983-01-12,1,239,345.868246503692
65,"control","other",1983-02-26,0,0,0
66,"control","other",1983-03-14,0,0,0
67,"control","other",1983-04-16,1,94,171.774287809203
68,"control","other",1983-05-14,0,0,0
69,"control","other",1983-06-17,2,214,377.472001613992
70,"control","other",1983-07-16,2,278,458.784747027827
71,"control","other",1983-08-15,4,572,937.748015659443
72,"control","other",1983-09-10,4,605,981.288719591733
73,"control","other",1983-10-15,5,653.5347738,1039.84142523448
74,"control","other",1983-11-12,2,322,514.33672009307
75,"control","other",1983-12-08,2,320,511.767886778247
76,"control","other",1984-02-04,0,0,0
77,"control","other",1984-03-12,0,0,0
78,"control","other",1984-04-09,1,157,252.36958043541
79,"control","other",1984-05-27,2,254,430.511695985443
80,"control","other",1984-07-03,2,256,433.051750437308
81,"control","other",1984-07-31,2,132,221.586202550956
82,"control","other",1984-08-25,2,286,470.453550219037
83,"control","other",1984-09-29,1,146,238.988447613837
84,"control","other",1984-10-20,1,126,213.988372268528
85,"control","other",1984-12-30,1,0,0
86,"control","other",1985-01-19,1,0,0
87,"control","other",1985-02-16,0,0,0
88,"control","other",1985-03-16,0,0,0
89,"control","other",1985-05-23,0,0,0
90,"control","other",1985-06-15,2,349,546.250899759907
91,"control","other",1985-07-23,5,621,994.711078852774
92,"control","other",1985-08-19,3,400,665.961045341898
93,"control","other",1985-09-21,1,155,249.954546123968
94,"control","other",1985-10-12,3,462,745.328610494
95,"control","other",1985-11-16,1,192,293.486539779646
96,"control","other",1985-12-07,1,160,255.977771226647
97,"control","other",1986-03-08,2,410,614.838386543426
98,"control","other",1986-04-12,0,0,0
99,"control","other",1986-05-10,5,639,1067.76068245455
100,"control","other",1986-06-04,3,522,811.451382487509
101,"control","other",1986-07-03,2,318,508.365956581615
102,"control","other",1986-08-09,1,180,279.618978758663
103,"control","other",1986-09-06,3,514,806.346813025357
104,"control","other",1986-10-04,1,221,326.14180592157
105,"control","other",1986-11-15,0,0,0
106,"control","other",1986-12-14,1,210,313.889463284743
107,"control","other",1987-01-31,2,417,621.717173353809
108,"control","other",1987-03-01,1,259,367.355959327363
109,"control","other",1987-04-04,2,456,666.479646261404
110,"control","other",1987-04-25,4,655,1010.84055915047
111,"control","other",1987-05-28,3,432,680.887136071399
112,"control","other",1987-06-30,2,396,595.02263232429
113,"control","other",1987-07-25,4,717,1095.97396213491
114,"control","other",1987-08-25,4,563,926.290064017708
115,"control","other",1987-09-26,5,867,1355.67842717722
116,"control","other",1987-10-24,4,737,1136.07198269659
117,"control","other",1987-11-21,3,606,911.762960859833
118,"control","other",1988-01-23,2,351,548.367409697131
119,"control","other",1988-02-21,2,348.5347738,545.593975456399
120,"control","other",1988-03-20,2,408,613.188157647708
121,"control","other",1988-04-17,2,238,399.951993018426
122,"control","other",1988-05-14,1,178,277.285569194229
123,"control","other",1988-06-11,3,420,691.618807910318
124,"control","other",1988-07-14,2,281,464.283654372668
125,"control","other",1988-08-09,3,508,799.363733957031
126,"control","other",1988-09-11,1,161,257.176732043323
127,"control","other",1988-10-08,2,332.5347738,526.898598192423
128,"control","other",1988-11-05,0,0,0
129,"control","other",1988-12-13,3,438,670.663216476415
130,"control","other",1989-01-10,2,180.5347738,308.737319347232
131,"control","other",1989-02-04,2,117,224.260646247416
132,"control","other",1989-03-12,4,695,1069.57096404163
133,"control","other",1989-04-01,3,231,419.588053069514
134,"control","other",1989-05-09,2,251.5347738,423.888237975647
135,"control","other",1989-06-03,3,195,368.711256358241
136,"control","other",1989-07-03,4,168,357.638594114902
137,"control","other",1989-07-29,2,113,221.389717951792
138,"control","other",1989-09-03,0,0,0
139,"control","other",1989-10-07,2,325,517.008240132968
140,"control","other",1989-11-04,4,278,503.80976189762
141,"control","other",1989-12-04,3,129,274.974655698114
142,"control","other",1990-01-06,3,154,324.098633705487
143,"control","other",1990-01-29,3,278,481.305953391805
144,"control","other",1990-02-24,6,610,1037.95341633953
145,"control","other",1990-03-29,4,213,446.10883042562
146,"control","other",1990-04-24,2,156,288.989325772797
147,"control","other",1990-05-23,1,34,80.1164051605652
148,"control","other",1990-06-21,0,0,0
149,"control","other",1990-07-21,2,50,126.279276902962
150,"control","other",1990-08-16,0,0,0
151,"control","other",1990-09-22,2,321,512.705308863264
152,"control","other",1990-10-15,2,333,526.017310609197
153,"control","other",1990-11-10,0,0,0
154,"control","other",1990-12-15,1,193,294.632226815801
155,"control","other",1991-01-11,0,0,0
1,"exclosure","other",1977-07-16,1,88.46170213,164.126510130875
2,"exclosure","other",1977-08-19,1,162.5347738,259.013252088968
3,"exclosure","other",1977-09-11,0,0,0
4,"exclosure","other",1977-10-16,2,325.0695476,518.026504177937
5,"exclosure","other",1977-11-12,1,162.5347738,259.013252088968
6,"exclosure","other",1977-12-10,0,0,0
7,"exclosure","other",1978-01-08,1,162.5347738,259.013252088968
8,"exclosure","other",1978-02-18,1,228,333.859240945724
9,"exclosure","other",1978-03-11,1,0,0
10,"exclosure","other",1978-04-08,2,225,330.559128598803
11,"exclosure","other",1978-05-17,1,174,272.59896501792
12,"exclosure","other",1978-06-08,1,232,338.242561909173
13,"exclosure","other",1978-07-07,0,0,0
14,"exclosure","other",1978-08-04,1,179,278.453088719058
15,"exclosure","other",1978-09-03,1,181,280.783250621175
16,"exclosure","other",1978-10-06,1,162.5347738,259.013252088968
17,"exclosure","other",1978-11-04,0,0,0
18,"exclosure","other",1978-12-02,1,181,280.783250621175
19,"exclosure","other",1979-01-28,1,0,0
20,"exclosure","other",1979-02-24,0,0,0
21,"exclosure","other",1979-03-31,1,0,0
22,"exclosure","other",1979-04-28,2,126,213.988372268528
23,"exclosure","other",1979-05-29,2,40,90.5018089336904
24,"exclosure","other",1979-07-03,1,94,171.774287809203
25,"exclosure","other",1979-07-24,1,116,201.120230609569
26,"exclosure","other",1979-08-21,1,136,226.603413493298
27,"exclosure","other",1979-09-22,2,152,246.317323786337
28,"exclosure","other",1979-10-24,1,171,269.066326336279
29,"exclosure","other",1979-11-17,0,0,0
30,"exclosure","other",1980-01-15,0,0,0
31,"exclosure","other",1980-02-24,0,0,0
32,"exclosure","other",1980-03-21,0,0,0
33,"exclosure","other",1980-04-17,1,110,193.266588328572
34,"exclosure","other",1980-05-17,3,355,597.637127767622
35,"exclosure","other",1980-06-22,2,450,660.804465844971
36,"exclosure","other",1980-07-21,2,207,310.520320317005
37,"exclosure","other",1980-08-13,1,0,0
38,"exclosure","other",1980-09-07,1,205,308.267444499062
39,"exclosure","other",1980-10-11,1,212,316.12887228693
40,"exclosure","other",1980-11-08,2,315,503.775163374516
41,"exclosure","other",1980-12-15,2,309,496.339995028097
42,"exclosure","other",1981-01-11,1,118,203.715358184933
43,"exclosure","other",1981-01-31,2,353,548.168301519014
44,"exclosure","other",1981-03-08,1,223,328.352943374228
45,"exclosure","other",1981-05-03,1,56,116.480516210362
46,"exclosure","other",1981-06-04,2,228,396.795455826068
47,"exclosure","other",1981-07-07,1,76,146.461156997571
48,"exclosure","other",1981-07-30,0,0,0
49,"exclosure","other",1981-08-30,0,0,0
50,"exclosure","other",1981-09-29,0,0,0
51,"exclosure","other",1981-10-24,1,177,276.116408733003
52,"exclosure","other",1981-11-22,2,397,601.150771360627
53,"exclosure","other",1981-12-30,2,364,562.446196073267
54,"exclosure","other",1982-01-24,1,195,296.919161146276
55,"exclosure","other",1982-02-22,2,188,343.417228209045
56,"exclosure","other",1982-03-29,1,164,260.762509814053
57,"exclosure","other",1982-04-28,0,0,0
58,"exclosure","other",1982-05-21,2,304,492.346372348495
59,"exclosure","other",1982-06-28,3,401,666.524731708688
60,"exclosure","other",1982-07-25,6,783,1302.94018132435
61,"exclosure","other",1982-08-15,4,596.5347738,969.367511552639
62,"exclosure","other",1982-09-18,1,184,284.266468135325
63,"exclosure","other",1982-11-21,2,303,491.273635888982
64,"exclosure","other",1983-01-12,0,0,0
65,"exclosure","other",1983-02-26,1,235,341.517657623666
66,"exclosure","other",1983-03-14,0,0,0
67,"exclosure","other",1983-04-16,0,0,0
68,"exclosure","other",1983-05-14,2,267,446.221170622657
69,"exclosure","other",1983-06-17,4,460,778.909623402419
70,"exclosure","other",1983-07-16,2,290,473.960939425198
71,"exclosure","other",1983-08-15,5,734.5347738,1198.18447438243
72,"exclosure","other",1983-09-10,7,1175,1850.5427737847
73,"exclosure","other",1983-10-15,3,578,878.49672009307
74,"exclosure","other",1983-11-12,1,169,266.702627846071
75,"exclosure","other",1983-12-08,2,350,547.531150434495
76,"exclosure","other",1984-02-04,0,0,0
77,"exclosure","other",1984-03-12,0,0,0
78,"exclosure","other",1984-04-09,1,58,119.586804605943
79,"exclosure","other",1984-05-27,3,224,390.837665977983
80,"exclosure","other",1984-07-03,1,116,201.120230609569
81,"exclosure","other",1984-07-31,3,389,653.49906512856
82,"exclosure","other",1984-08-25,3,252,427.243223134344
83,"exclosure","other",1984-09-29,2,274,455.4759329959
84,"exclosure","other",1984-10-20,1,135,225.352610205948
85,"exclosure","other",1984-12-30,0,0,0
86,"exclosure","other",1985-01-19,0,0,0
87,"exclosure","other",1985-02-16,0,0,0
88,"exclosure","other",1985-03-16,0,0,0
89,"exclosure","other",1985-05-23,2,136,226.603413493298
90,"exclosure","other",1985-06-15,0,0,0
91,"exclosure","other",1985-07-23,2,236,407.296187422345
92,"exclosure","other",1985-08-19,4,595.0695476,968.694621874145
93,"exclosure","other",1985-09-21,1,162,258.373832550856
94,"exclosure","other",1985-10-12,0,0,0
95,"exclosure","other",1985-11-16,0,0,0
96,"exclosure","other",1985-12-07,0,0,0
97,"exclosure","other",1986-03-08,0,0,0
98,"exclosure","other",1986-04-12,0,0,0
99,"exclosure","other",1986-05-10,2,337,528.518670094384
100,"exclosure","other",1986-06-04,2,282,453.102201604684
101,"exclosure","other",1986-07-03,3,396,600.308921273869
102,"exclosure","other",1986-08-09,0,0,0
103,"exclosure","other",1986-09-06,1,196,298.060427430412
104,"exclosure","other",1986-10-04,3,539,837.671558844777
105,"exclosure","other",1986-11-15,1,167,264.331925625704
106,"exclosure","other",1986-12-14,1,216,320.591925382212
107,"exclosure","other",1987-01-31,0,0,0
108,"exclosure","other",1987-03-01,2,319,506.95742568406
109,"exclosure","other",1987-04-04,1,128,216.530831499695
110,"exclosure","other",1987-04-25,1,148,241.439627806472
111,"exclosure","other",1987-05-28,2,335,524.852840625622
112,"exclosure","other",1987-06-30,3,257,479.485985529912
113,"exclosure","other",1987-07-25,1,128,216.530831499695
114,"exclosure","other",1987-08-25,3,498,788.526783025549
115,"exclosure","other",1987-09-26,4,594,959.446734662173
116,"exclosure","other",1987-10-24,6,993,1572.21919493648
117,"exclosure","other",1987-11-21,3,470,754.659528479267
118,"exclosure","other",1988-01-23,1,162,258.373832550856
119,"exclosure","other",1988-02-21,2,325,516.543287859757
120,"exclosure","other",1988-03-20,2,192,293.486539779646
121,"exclosure","other",1988-04-17,1,166,263.143915412327
122,"exclosure","other",1988-05-14,2,165,261.954114666805
123,"exclosure","other",1988-06-11,2,317,506.327732252794
124,"exclosure","other",1988-07-14,1,173,271.423123345174
125,"exclosure","other",1988-08-09,3,500,788.055519852586
126,"exclosure","other",1988-09-11,3,589,894.935259324342
127,"exclosure","other",1988-10-08,3,406,675.315578527523
128,"exclosure","other",1988-11-05,3,413,683.838163579078
129,"exclosure","other",1988-12-13,3,189.5347738,339.150923022308
130,"exclosure","other",1989-01-10,4,194,366.42735701641
131,"exclosure","other",1989-02-04,4,194,366.42735701641
132,"exclosure","other",1989-03-12,2,30,86.7020814442282
133,"exclosure","other",1989-04-01,4,226,401.200284082692
134,"exclosure","other",1989-05-09,3,200,347.069219625445
135,"exclosure","other",1989-06-03,4,210,378.019189532194
136,"exclosure","other",1989-07-03,4,164,323.215890251869
137,"exclosure","other",1989-07-29,2,220,385.069831896419
138,"exclosure","other",1989-09-03,1,0,0
139,"exclosure","other",1989-10-07,1,92,169.025853231611
140,"exclosure","other",1989-11-04,1,128,216.530831499695
141,"exclosure","other",1989-12-04,1,14,41.1820814442282
142,"exclosure","other",1990-01-06,1,14,41.1820814442282
143,"exclosure","other",1990-01-29,2,25,75.6414069615669
144,"exclosure","other",1990-02-24,0,0,0
145,"exclosure","other",1990-03-29,2,125,236.635718383569
146,"exclosure","other",1990-04-24,1,0,0
147,"exclosure","other",1990-05-23,2,229,395.98484866682
148,"exclosure","other",1990-06-21,1,139,230.342123685968
149,"exclosure","other",1990-07-21,1,66,131.755944330015
150,"exclosure","other",1990-08-16,1,98,177.227790500499
151,"exclosure","other",1990-09-22,2,180,279.618978758663
152,"exclosure","other",1990-10-15,0,0,0
153,"exclosure","other",1990-11-10,1,160,255.977771226647
154,"exclosure","other",1990-12-15,0,0,0
155,"exclosure","other",1991-01-11,1,188,288.888765703038
1,"control","dipo",1977-07-16,7,381.09085982,784.74716617143
2,"control","dipo",1977-08-19,8,332.63608285,742.29425914905
3,"control","dipo",1977-09-11,11,700.7826812,1376.83912476972
4,"control","dipo",1977-10-16,16,1069.637802,2075.64712054623
5,"control","dipo",1977-11-12,11,595.9275604,1222.70031241141
6,"control","dipo",1977-12-10,13,877,1694.71839303086
7,"control","dipo",1978-01-08,13,733,1476.89222220121
8,"control","dipo",1978-02-18,11,885,1626.70602635705
9,"control","dipo",1978-03-11,8,765,1356.64609910811
10,"control","dipo",1978-04-08,12,954.9197947,1755.98479882972
11,"control","dipo",1978-05-17,13,1143,2087.36999455398
12,"control","dipo",1978-06-08,17,1365,2528.12201946028
13,"control","dipo",1978-07-07,18,1339,2526.45333396723
14,"control","dipo",1978-08-04,13,996,1858.66779381207
15,"control","dipo",1978-09-03,18,1487,2734.53572566652
16,"control","dipo",1978-10-06,12,999,1832.04329422321
17,"control","dipo",1978-11-04,11,703,1376.49285252331
18,"control","dipo",1978-12-02,13,874,1692.53196720567
19,"control","dipo",1979-01-28,7,385.52721657,788.735068426094
20,"control","dipo",1979-02-24,13,896,1730.02137034443
21,"control","dipo",1979-03-31,11,853,1605.46499125341
22,"control","dipo",1979-04-28,8,698,1275.14870496083
23,"control","dipo",1979-05-29,13,816,1626.02982048216
24,"control","dipo",1979-07-03,4,397,706.678082764563
25,"control","dipo",1979-07-24,6,477,895.523243623177
26,"control","dipo",1979-08-21,5,472,846.826236417401
27,"control","dipo",1979-09-22,7,566,1044.9457225832
28,"control","dipo",1979-10-24,9,579,1134.28209275465
29,"control","dipo",1979-11-17,9,701,1306.61394068221
30,"control","dipo",1980-01-15,12,687,1378.73610848343
31,"control","dipo",1980-02-24,12,767,1488.73583944167
32,"control","dipo",1980-03-21,10,758,1426.4814540845
33,"control","dipo",1980-04-17,13,909,1742.61741786883
34,"control","dipo",1980-05-17,13,927,1764.42493501764
35,"control","dipo",1980-06-22,13,986,1849.50430607956
36,"control","dipo",1980-07-21,8,710,1286.90664266893
37,"control","dipo",1980-08-13,8,676,1238.09961218354
38,"control","dipo",1980-09-07,9,817,1475.4887755408
39,"control","dipo",1980-10-11,10,903,1626.07546668619
40,"control","dipo",1980-11-08,14,1144,2113.16045731133
41,"control","dipo",1980-12-15,17,1308.9275604,2449.12725506629
42,"control","dipo",1981-01-11,15,1292.52721657,2354.53962290287
43,"control","dipo",1981-01-31,22,1687,3168.96404166695
44,"control","dipo",1981-03-08,17,1314,2445.11627781116
45,"control","dipo",1981-05-03,20,1626,2998.91005218199
46,"control","dipo",1981-06-04,16,1286,2362.51849670375
47,"control","dipo",1981-07-07,15,1117,2098.74371582896
48,"control","dipo",1981-07-30,12,810,1566.61358728617
49,"control","dipo",1981-08-30,8,628,1160.59580528829
50,"control","dipo",1981-09-29,8,774,1363.4369073632
51,"control","dipo",1981-10-24,10,775,1432.99992780442
52,"control","dipo",1981-11-22,16,1540,2722.80077458993
53,"control","dipo",1981-12-30,17,1286,2415.15609315126
54,"control","dipo",1982-01-24,11,660,1325.99988805639
55,"control","dipo",1982-02-22,22,1724.52721657,3218.54149751121
56,"control","dipo",1982-03-29,15,1125,2124.41379495657
57,"control","dipo",1982-04-28,21,1648,3085.90560427455
58,"control","dipo",1982-05-21,22,1802,3344.69720703251
59,"control","dipo",1982-06-28,23,1738,3288.53595701479
60,"control","dipo",1982-07-25,25,1912,3593.45297666037
61,"control","dipo",1982-08-15,25,1670.52721657,3238.0173213614
62,"control","dipo",1982-09-18,22,1345,2666.06725216848
63,"control","dipo",1982-11-21,23,1496,2910.84619381179
64,"control","dipo",1983-01-12,21,1436,2754.69149157601
65,"control","dipo",1983-02-26,23,1502,2930.11117811728
66,"control","dipo",1983-03-14,26,1882,3581.07616806065
67,"control","dipo",1983-04-16,26,1926.03951957,3655.78427506608
68,"control","dipo",1983-05-14,20,1720,3142.22483921619
69,"control","dipo",1983-06-17,17,1452,2644.15807934842
70,"control","dipo",1983-07-16,13,768,1531.67518783812
71,"control","dipo",1983-08-15,15,1064,2022.08677402071
72,"control","dipo",1983-09-10,25,2031,3745.69607081089
73,"control","dipo",1983-10-15,20,1555,2886.09140049748
74,"control","dipo",1983-11-12,29,1945,3757.99667264644
75,"control","dipo",1983-12-08,16,1053,2042.05648388702
76,"control","dipo",1984-02-04,15,1100,2083.52946723096
77,"control","dipo",1984-03-12,15,1097,2078.31808978367
78,"control","dipo",1984-04-09,12,1040.9275604,1904.27942436545
79,"control","dipo",1984-05-27,8,477,947.100548848338
80,"control","dipo",1984-07-03,7,366,755.517326288434
81,"control","dipo",1984-07-31,9,486,1003.79946919525
82,"control","dipo",1984-08-25,8,364,795.695443107451
83,"control","dipo",1984-09-29,13,705,1444.78726177327
84,"control","dipo",1984-10-20,22,1069,2262.86607206416
85,"control","dipo",1984-12-30,14,717,1500.25991696989
86,"control","dipo",1985-01-19,21,873,1937.86734173793
87,"control","dipo",1985-02-16,19,877,1883.65155371733
88,"control","dipo",1985-03-16,17,823,1736.82673701442
89,"control","dipo",1985-05-23,18,922,1915.95060595176
90,"control","dipo",1985-06-15,20,982,2066.26792629992
91,"control","dipo",1985-07-23,20,953,2021.510916111
92,"control","dipo",1985-08-19,15,639,1418.93419436404
93,"control","dipo",1985-09-21,21,1215,2461.92374335877
94,"control","dipo",1985-10-12,23,1250,2566.41611639853
95,"control","dipo",1985-11-16,23,1304.52721657,2640.67604000952
96,"control","dipo",1985-12-07,23,1263,2586.00569545185
97,"control","dipo",1986-03-08,26,1564.03951957,3117.60667473575
98,"control","dipo",1986-04-12,20,1236,2446.32510688833
99,"control","dipo",1986-05-10,15,1050,2015.76929380062
100,"control","dipo",1986-06-04,14,708,1492.30986599719
101,"control","dipo",1986-07-03,18,1089,2165.33047336277
102,"control","dipo",1986-08-09,12,852,1626.96180001699
103,"control","dipo",1986-09-06,10,713,1354.21782290092
104,"control","dipo",1986-10-04,11,768,1463.14609209503
105,"control","dipo",1986-11-15,18,1128,2221.4405728181
106,"control","dipo",1986-12-14,12,750,1471.92024874962
107,"control","dipo",1987-01-31,14,914,1781.66109877097
108,"control","dipo",1987-03-01,18,1149,2260.0828018335
109,"control","dipo",1987-04-04,18,1212,2345.00143876078
110,"control","dipo",1987-04-25,17,1236,2349.09988464923
111,"control","dipo",1987-05-28,17,1305,2442.0605717582
112,"control","dipo",1987-06-30,22,1430.9275604,2782.16211044909
113,"control","dipo",1987-07-25,20,1157.52721657,2327.39669079189
114,"control","dipo",1987-08-25,13,681,1415.25084318612
115,"control","dipo",1987-09-26,17,1090,2139.17053543784
116,"control","dipo",1987-10-24,15,844,1721.93535212462
117,"control","dipo",1987-11-21,19,1014,2091.50365159113
118,"control","dipo",1988-01-23,20,1134,2304.07552662607
119,"control","dipo",1988-02-21,26,1417,2915.73968282063
120,"control","dipo",1988-03-20,29,1518,3159.14482559205
121,"control","dipo",1988-04-17,22,1397,2747.51396953234
122,"control","dipo",1988-05-14,18,1035,2102.48299014764
123,"control","dipo",1988-06-11,19,1011,2099.99235711928
124,"control","dipo",1988-07-14,16,925,1875.01097035432
125,"control","dipo",1988-08-09,17,959,1954.54565323537
126,"control","dipo",1988-09-11,11,726,1421.26173301051
127,"control","dipo",1988-10-08,15,900.52721657,1792.65882229435
128,"control","dipo",1988-11-05,13,869,1681.26886553702
129,"control","dipo",1988-12-13,15,982,1917.53615831194
130,"control","dipo",1989-01-10,14,854,1698.05379782164
131,"control","dipo",1989-02-04,16,1048,2050.5266158628
132,"control","dipo",1989-03-12,14,960,1868.77411367292
133,"control","dipo",1989-04-01,14,901,1780.54306961694
134,"control","dipo",1989-05-09,18,1015,2065.33573799612
135,"control","dipo",1989-06-03,14,849,1696.09971897122
136,"control","dipo",1989-07-03,13,805,1600.19554026658
137,"control","dipo",1989-07-29,13,709,1464.54316082846
138,"control","dipo",1989-09-03,13,706,1465.34077975218
139,"control","dipo",1989-10-07,15,732,1556.48403156751
140,"control","dipo",1989-11-04,13,704,1464.71495436516
141,"control","dipo",1989-12-04,16,853,1785.45355143225
142,"control","dipo",1990-01-06,12,599.03951957,1280.44005055639
143,"control","dipo",1990-01-29,14,617.52721657,1357.96231480985
144,"control","dipo",1990-02-24,14,604,1333.18602744243
145,"control","dipo",1990-03-29,19,945.52721657,1999.71168009718
146,"control","dipo",1990-04-24,12,516,1138.9207420129
147,"control","dipo",1990-05-23,15,664,1460.92476558886
148,"control","dipo",1990-06-21,11,555,1166.14653876021
149,"control","dipo",1990-07-21,12,519,1146.28423679057
150,"control","dipo",1990-08-16,14,679,1451.04654526495
151,"control","dipo",1990-09-22,12,597,1266.07629741994
152,"control","dipo",1990-10-15,15,659,1437.27674643204
153,"control","dipo",1990-11-10,18,787,1723.72084731871
154,"control","dipo",1990-12-15,18,824,1789.38736637677
155,"control","dipo",1991-01-11,18,872.03951957,1866.77549059638
1,"exclosure","dipo",1977-07-16,11,555.1997261,1170.44120795672
2,"exclosure","dipo",1977-08-19,23,1159.00041376,2424.56102819528
3,"exclosure","dipo",1977-09-11,11,534.9275604,1135.5038827892
4,"exclosure","dipo",1977-10-16,17,960.7826812,1953.622897381
5,"exclosure","dipo",1977-11-12,9,437,926.964462118305
6,"exclosure","dipo",1977-12-10,10,476,1014.78135414911
7,"exclosure","dipo",1978-01-08,14,760.52721657,1555.17476220279
8,"exclosure","dipo",1978-02-18,8,338,753.426510469488
9,"exclosure","dipo",1978-03-11,8,433,893.694283133099
10,"exclosure","dipo",1978-04-08,9,527,1068.12042565138
11,"exclosure","dipo",1978-05-17,11,760,1461.36524208637
12,"exclosure","dipo",1978-06-08,20,1206.9275604,2385.71032602895
13,"exclosure","dipo",1978-07-07,9,524,1042.92439763297
14,"exclosure","dipo",1978-08-04,15,993,1926.3339290308
15,"exclosure","dipo",1978-09-03,15,1114.52721657,2109.66157748485
16,"exclosure","dipo",1978-10-06,14,1081,2022.18542677159
17,"exclosure","dipo",1978-11-04,16,1083,2089.91620713201
18,"exclosure","dipo",1978-12-02,11,924,1695.80544053688
19,"exclosure","dipo",1979-01-28,21,1217,2452.79951939376
20,"exclosure","dipo",1979-02-24,6,624,1095.47577801112
21,"exclosure","dipo",1979-03-31,9,689,1294.49290773656
22,"exclosure","dipo",1979-04-28,7,642,1163.41736464943
23,"exclosure","dipo",1979-05-29,9,750,1381.48542891368
24,"exclosure","dipo",1979-07-03,9,710,1322.68744760211
25,"exclosure","dipo",1979-07-24,7,570,1047.26336411114
26,"exclosure","dipo",1979-08-21,5,474,853.675505720731
27,"exclosure","dipo",1979-09-22,3,323,560.820378686352
28,"exclosure","dipo",1979-10-24,4,460,787.852005946157
29,"exclosure","dipo",1979-11-17,5,407,740.31741854294
30,"exclosure","dipo",1980-01-15,8,504,975.926869845842
31,"exclosure","dipo",1980-02-24,5,343,661.098232027842
32,"exclosure","dipo",1980-03-21,9,889,1563.91616429247
33,"exclosure","dipo",1980-04-17,10,1058,1849.89322298461
34,"exclosure","dipo",1980-05-17,14,1336,2395.4850673851
35,"exclosure","dipo",1980-06-22,13,1136,2065.02635518384
36,"exclosure","dipo",1980-07-21,5,306,612.565117005745
37,"exclosure","dipo",1980-08-13,4,419,734.769127548115
38,"exclosure","dipo",1980-09-07,9,637.52721657,1217.22023569999
39,"exclosure","dipo",1980-10-11,10,784,1455.52048381909
40,"exclosure","dipo",1980-11-08,11,992,1786.91221437113
41,"exclosure","dipo",1980-12-15,9,860,1523.38747021031
42,"exclosure","dipo",1981-01-11,7,664,1176.87271565205
43,"exclosure","dipo",1981-01-31,13,1150,2077.39604636158
44,"exclosure","dipo",1981-03-08,12,936,1748.75746132214
45,"exclosure","dipo",1981-05-03,14,1267,2275.73277764224
46,"exclosure","dipo",1981-06-04,15,1335,2407.19343027192
47,"exclosure","dipo",1981-07-07,14,982,1898.31811386928
48,"exclosure","dipo",1981-07-30,8,601,1144.2836568468
49,"exclosure","dipo",1981-08-30,9,810,1451.49116182239
50,"exclosure","dipo",1981-09-29,10,748,1395.06892641684
51,"exclosure","dipo",1981-10-24,12,550,1169.67603588435
52,"exclosure","dipo",1981-11-22,22,1621.52721657,3060.39464045926
53,"exclosure","dipo",1981-12-30,11,829,1533.5534399563
54,"exclosure","dipo",1982-01-24,10,736,1375.34084036249
55,"exclosure","dipo",1982-02-22,15,1137,2129.97831431513
56,"exclosure","dipo",1982-03-29,20,1498,2818.50589006583
57,"exclosure","dipo",1982-04-28,21,1558.9275604,2966.9425926604
58,"exclosure","dipo",1982-05-21,21,1433,2776.9437629726
59,"exclosure","dipo",1982-06-28,21,1356,2655.33694527996
60,"exclosure","dipo",1982-07-25,15,967,1894.99277012548
61,"exclosure","dipo",1982-08-15,20,1452,2763.38449528063
62,"exclosure","dipo",1982-09-18,17,1136,2204.58246697868
63,"exclosure","dipo",1982-11-21,23,1332,2689.38483467884
64,"exclosure","dipo",1983-01-12,22,1019,2201.66971517447
65,"exclosure","dipo",1983-02-26,20,979,2085.80001215517
66,"exclosure","dipo",1983-03-14,19,1147,2297.50308146893
67,"exclosure","dipo",1983-04-16,22,1434,2824.44424405947
68,"exclosure","dipo",1983-05-14,18,1346,2542.81436151717
69,"exclosure","dipo",1983-06-17,12,685,1386.10711527631
70,"exclosure","dipo",1983-07-16,18,1060,2126.83928733304
71,"exclosure","dipo",1983-08-15,17,1112,2143.79287794671
72,"exclosure","dipo",1983-09-10,13,969,1825.49847415524
73,"exclosure","dipo",1983-10-15,17,1430,2607.83823196911
74,"exclosure","dipo",1983-11-12,15,1128,2109.31042258733
75,"exclosure","dipo",1983-12-08,18,1168,2265.8848530424
76,"exclosure","dipo",1984-02-04,19,1412,2654.70329698193
77,"exclosure","dipo",1984-03-12,11,805,1519.48964707678
78,"exclosure","dipo",1984-04-09,8,630,1171.13959562374
79,"exclosure","dipo",1984-05-27,7,256.52721657,587.026764236119
80,"exclosure","dipo",1984-07-03,4,157,356.048718096729
81,"exclosure","dipo",1984-07-31,3,128,284.518236065572
82,"exclosure","dipo",1984-08-25,4,169,376.796049219977
83,"exclosure","dipo",1984-09-29,10,423,942.024803635051
84,"exclosure","dipo",1984-10-20,9,371,832.559568223635
85,"exclosure","dipo",1984-12-30,10,463,1004.92172946635
86,"exclosure","dipo",1985-01-19,25,954,2178.57462797297
87,"exclosure","dipo",1985-02-16,20,797,1800.6622357041
88,"exclosure","dipo",1985-03-16,17,707,1582.02568402391
89,"exclosure","dipo",1985-05-23,8,452,916.281797215777
90,"exclosure","dipo",1985-06-15,10,574,1168.56590614371
91,"exclosure","dipo",1985-07-23,11,585.03951957,1210.41834069118
92,"exclosure","dipo",1985-08-19,16,821,1723.1342241307
93,"exclosure","dipo",1985-09-21,10,457.52721657,999.50280011369
94,"exclosure","dipo",1985-10-12,11,571,1193.13902496743
95,"exclosure","dipo",1985-11-16,11,579,1204.43226677791
96,"exclosure","dipo",1985-12-07,9,522.03951957,1052.38877175163
97,"exclosure","dipo",1986-03-08,10,564,1155.3544422228
98,"exclosure","dipo",1986-04-12,6,295,633.439222994664
99,"exclosure","dipo",1986-05-10,10,462,1005.49458685803
100,"exclosure","dipo",1986-06-04,8,366,799.160248384075
101,"exclosure","dipo",1986-07-03,6,279,607.604268696441
102,"exclosure","dipo",1986-08-09,9,416,905.998768554846
103,"exclosure","dipo",1986-09-06,8,368,802.8167488908
104,"exclosure","dipo",1986-10-04,8,357,783.616793516335
105,"exclosure","dipo",1986-11-15,18,872,1855.83654565431
106,"exclosure","dipo",1986-12-14,16,737,1606.20803407168
107,"exclosure","dipo",1987-01-31,13,600,1308.11716603893
108,"exclosure","dipo",1987-03-01,17,827,1779.3493949461
109,"exclosure","dipo",1987-04-04,21,1167,2405.22631466481
110,"exclosure","dipo",1987-04-25,12,599,1281.11123314836
111,"exclosure","dipo",1987-05-28,14,603,1334.72961205743
112,"exclosure","dipo",1987-06-30,16,731,1596.65330742958
113,"exclosure","dipo",1987-07-25,13,539,1204.31567015092
114,"exclosure","dipo",1987-08-25,17,714.39257813,1590.95576588454
115,"exclosure","dipo",1987-09-26,15,698,1518.80432186093
116,"exclosure","dipo",1987-10-24,15,664,1462.58306604354
117,"exclosure","dipo",1987-11-21,18,789.52721657,1743.66096833878
118,"exclosure","dipo",1988-01-23,18,794,1751.29536458802
119,"exclosure","dipo",1988-02-21,9,432,933.379414362928
120,"exclosure","dipo",1988-03-20,1,47,102.137602618615
121,"exclosure","dipo",1988-04-17,0,0,0
122,"exclosure","dipo",1988-05-14,2,76,173.763157246745
123,"exclosure","dipo",1988-06-11,0,0,0
124,"exclosure","dipo",1988-07-14,0,0,0
125,"exclosure","dipo",1988-08-09,0,0,0
126,"exclosure","dipo",1988-09-11,0,0,0
127,"exclosure","dipo",1988-10-08,0,0,0
128,"exclosure","dipo",1988-11-05,1,47,102.137602618615
129,"exclosure","dipo",1988-12-13,2,93,202.623399246935
130,"exclosure","dipo",1989-01-10,0,0,0
131,"exclosure","dipo",1989-02-04,0,0,0
132,"exclosure","dipo",1989-03-12,0,0,0
133,"exclosure","dipo",1989-04-01,0,0,0
134,"exclosure","dipo",1989-05-09,0,0,0
135,"exclosure","dipo",1989-06-03,1,26,65.5152311109777
136,"exclosure","dipo",1989-07-03,1,46,100.503373641219
137,"exclosure","dipo",1989-07-29,3,97.39257813,230.631227339478
138,"exclosure","dipo",1989-09-03,0,0,0
139,"exclosure","dipo",1989-10-07,1,40,90.5018089336904
140,"exclosure","dipo",1989-11-04,0,0,0
141,"exclosure","dipo",1989-12-04,0,0,0
142,"exclosure","dipo",1990-01-06,0,0,0
143,"exclosure","dipo",1990-01-29,0,0,0
144,"exclosure","dipo",1990-02-24,0,0,0
145,"exclosure","dipo",1990-03-29,0,0,0
146,"exclosure","dipo",1990-04-24,0,0,0
147,"exclosure","dipo",1990-05-23,0,0,0
148,"exclosure","dipo",1990-06-21,0,0,0
149,"exclosure","dipo",1990-07-21,0,0,0
150,"exclosure","dipo",1990-08-16,0,0,0
151,"exclosure","dipo",1990-09-22,0,0,0
152,"exclosure","dipo",1990-10-15,0,0,0
153,"exclosure","dipo",1990-11-10,0,0,0
154,"exclosure","dipo",1990-12-15,0,0,0
155,"exclosure","dipo",1991-01-11,0,0,0
1,"control","small_granivore",1977-07-16,3,57.21984227,155.62948048442
2,"control","small_granivore",1977-08-19,3,30,94.9224961245072
3,"control","small_granivore",1977-09-11,3,43,124.368192584167
4,"control","small_granivore",1977-10-16,2,29.98281643,84.8326825363547
5,"control","small_granivore",1977-11-12,1,6,21.8135175789677
6,"control","small_granivore",1977-12-10,2,13.899749373,48.6250879245958
7,"control","small_granivore",1978-01-08,2,29,82.2872035936316
8,"control","small_granivore",1978-02-18,2,32,88.1031460919179
9,"control","small_granivore",1978-03-11,4,72,191.919834836701
10,"control","small_granivore",1978-04-08,0,0,0
11,"control","small_granivore",1978-05-17,2,20,63.44260162116
12,"control","small_granivore",1978-06-08,3,23,78.6197200069727
13,"control","small_granivore",1978-07-07,0,0,0
14,"control","small_granivore",1978-08-04,1,18,49.7240672582641
15,"control","small_granivore",1978-09-03,5,83,232.080228305845
16,"control","small_granivore",1978-10-06,1,6,21.8135175789677
17,"control","small_granivore",1978-11-04,1,22,57.8001914615828
18,"control","small_granivore",1978-12-02,0,0,0
19,"control","small_granivore",1979-01-28,1,26,65.5152311109777
20,"control","small_granivore",1979-02-24,2,52,131.030462221955
21,"control","small_granivore",1979-03-31,1,7,24.4870121320489
22,"control","small_granivore",1979-04-28,0,0,0
23,"control","small_granivore",1979-05-29,0,0,0
24,"control","small_granivore",1979-07-03,2,18,59.0635753407928
25,"control","small_granivore",1979-07-24,0,0,0
26,"control","small_granivore",1979-08-21,0,0,0
27,"control","small_granivore",1979-09-22,2,21,65.6690935762771
28,"control","small_granivore",1979-10-24,0,0,0
29,"control","small_granivore",1979-11-17,1,7,24.4870121320489
30,"control","small_granivore",1980-01-15,1,8,27.0663539374619
31,"control","small_granivore",1980-02-24,2,30,85.3844242439434
32,"control","small_granivore",1980-03-21,3,32.899749373,101.897677630829
33,"control","small_granivore",1980-04-17,3,22,75.9462254538916
34,"control","small_granivore",1980-05-17,0,0,0
35,"control","small_granivore",1980-06-22,0,0,0
36,"control","small_granivore",1980-07-21,0,0,0
37,"control","small_granivore",1980-08-13,1,13,38.9555894891111
38,"control","small_granivore",1980-09-07,3,29,93.088297364035
39,"control","small_granivore",1980-10-11,1,8,27.0663539374619
40,"control","small_granivore",1980-11-08,2,14,48.9740242640977
41,"control","small_granivore",1980-12-15,2,14,48.9740242640977
42,"control","small_granivore",1981-01-11,1,11,34.3681994673169
43,"control","small_granivore",1981-01-31,3,27,88.2391835419665
44,"control","small_granivore",1981-03-08,1,6,21.8135175789677
45,"control","small_granivore",1981-05-03,1,12,36.6858174724557
46,"control","small_granivore",1981-06-04,2,28,80.3053290907915
47,"control","small_granivore",1981-07-07,1,7,24.4870121320489
48,"control","small_granivore",1981-07-30,1,15,43.3691300549964
49,"control","small_granivore",1981-08-30,0,0,0
50,"control","small_granivore",1981-09-29,2,34,94.9947789965089
51,"control","small_granivore",1981-10-24,1,9,29.5661072852007
52,"control","small_granivore",1981-11-22,4,64,179.832528072163
53,"control","small_granivore",1981-12-30,7,123,335.74919037494
54,"control","small_granivore",1982-01-24,5,86.98281643,238.768785189593
55,"control","small_granivore",1982-02-22,8,122,346.123682087862
56,"control","small_granivore",1982-03-29,8,132,366.946212843157
57,"control","small_granivore",1982-04-28,5,71,205.410956693924
58,"control","small_granivore",1982-05-21,4,67,185.153211944728
59,"control","small_granivore",1982-06-28,2,27.899749373,80.6242678979088
60,"control","small_granivore",1982-07-25,4,61,173.315510243167
61,"control","small_granivore",1982-08-15,11,163,463.899905909427
62,"control","small_granivore",1982-09-18,5,34,119.667413359495
63,"control","small_granivore",1982-11-21,9,85,267.903755645692
64,"control","small_granivore",1983-01-12,6,57,180.208083687131
65,"control","small_granivore",1983-02-26,6,77,225.745682261713
66,"control","small_granivore",1983-03-14,12,110,351.311095425642
67,"control","small_granivore",1983-04-16,11,107,338.873052276745
68,"control","small_granivore",1983-05-14,5,57,174.348853309103
69,"control","small_granivore",1983-06-17,2,31,88.1808970195976
70,"control","small_granivore",1983-07-16,3,43,125.105627603133
71,"control","small_granivore",1983-08-15,3,42,122.217322639163
72,"control","small_granivore",1983-09-10,3,39,115.393160834541
73,"control","small_granivore",1983-10-15,1,6,21.8135175789677
74,"control","small_granivore",1983-11-12,1,6,21.8135175789677
75,"control","small_granivore",1983-12-08,1,7,24.4870121320489
76,"control","small_granivore",1984-02-04,1,10,31.9972214033309
77,"control","small_granivore",1984-03-12,1,11,34.3681994673169
78,"control","small_granivore",1984-04-09,2,45,117.516261765223
79,"control","small_granivore",1984-05-27,0,0,0
80,"control","small_granivore",1984-07-03,2,30,85.8099189556116
81,"control","small_granivore",1984-07-31,0,0,0
82,"control","small_granivore",1984-08-25,2,37,101.169321516579
83,"control","small_granivore",1984-09-29,1,15,43.3691300549964
84,"control","small_granivore",1984-10-20,1,20,53.8126975522807
85,"control","small_granivore",1984-12-30,2,40,107.625395104561
86,"control","small_granivore",1985-01-19,1,12,36.6858174724557
87,"control","small_granivore",1985-02-16,4,93,237.527714838659
88,"control","small_granivore",1985-03-16,0,0,0
89,"control","small_granivore",1985-05-23,1,13,38.9555894891111
90,"control","small_granivore",1985-06-15,1,28,69.259729318276
91,"control","small_granivore",1985-07-23,0,0,0
92,"control","small_granivore",1985-08-19,2,36,99.3326975522807
93,"control","small_granivore",1985-09-21,3,51,142.701827607277
94,"control","small_granivore",1985-10-12,3,43,124.717075986902
95,"control","small_granivore",1985-11-16,2,42,111.612889013863
96,"control","small_granivore",1985-12-07,1,19,51.7818386467049
97,"control","small_granivore",1986-03-08,2,38,103.56367729341
98,"control","small_granivore",1986-04-12,2,48,123.21446716204
99,"control","small_granivore",1986-05-10,3,48,135.70651642606
100,"control","small_granivore",1986-06-04,0,0,0
101,"control","small_granivore",1986-07-03,2,41,109.483730766221
102,"control","small_granivore",1986-08-09,0,0,0
103,"control","small_granivore",1986-09-06,0,0,0
104,"control","small_granivore",1986-10-04,2,34,94.4860089340385
105,"control","small_granivore",1986-11-15,4,70,194.035279835281
106,"control","small_granivore",1986-12-14,3,61,162.331386956937
107,"control","small_granivore",1987-01-31,4,65,181.312026379458
108,"control","small_granivore",1987-03-01,4,76,203.528699341228
109,"control","small_granivore",1987-04-04,4,104,261.587669026019
110,"control","small_granivore",1987-04-25,4,80,214.877828546179
111,"control","small_granivore",1987-05-28,5,107.98281643,284.370276826675
112,"control","small_granivore",1987-06-30,3,57,155.005763972482
113,"control","small_granivore",1987-07-25,6,137.98281643,357.057215162507
114,"control","small_granivore",1987-08-25,4,73,198.468163393467
115,"control","small_granivore",1987-09-26,5,94,256.274709617025
116,"control","small_granivore",1987-10-24,8,157,421.124081581424
117,"control","small_granivore",1987-11-21,10,168,466.401800296086
118,"control","small_granivore",1988-01-23,10,179,487.376872625394
119,"control","small_granivore",1988-02-21,4,61,172.750722990727
120,"control","small_granivore",1988-03-20,3,49,135.101182255576
121,"control","small_granivore",1988-04-17,2,55,136.621970559892
122,"control","small_granivore",1988-05-14,3,53,145.980296848325
123,"control","small_granivore",1988-06-11,4,70,194.469825995902
124,"control","small_granivore",1988-07-14,1,11,34.3681994673169
125,"control","small_granivore",1988-08-09,5,115,297.634982800906
126,"control","small_granivore",1988-09-11,0,0,0
127,"control","small_granivore",1988-10-08,1,14,41.1820814442282
128,"control","small_granivore",1988-11-05,4,85,225.11641737067
129,"control","small_granivore",1988-12-13,6,74,222.621726711764
130,"control","small_granivore",1989-01-10,9,138,391.691984629153
131,"control","small_granivore",1989-02-04,10,135,393.330984528559
132,"control","small_granivore",1989-03-12,11,167,474.400256628468
133,"control","small_granivore",1989-04-01,5,59,178.944974335806
134,"control","small_granivore",1989-05-09,1,11,34.3681994673169
135,"control","small_granivore",1989-06-03,2,44,115.5779804667
136,"control","small_granivore",1989-07-03,1,19,51.7818386467049
137,"control","small_granivore",1989-07-29,4,63.72923441,180.35151806266
138,"control","small_granivore",1989-09-03,3,51,142.084383052065
139,"control","small_granivore",1989-10-07,5,99,266.572505626258
140,"control","small_granivore",1989-11-04,5,95,257.751557100511
141,"control","small_granivore",1989-12-04,7,87,257.369499772703
142,"control","small_granivore",1990-01-06,3,43,124.165612332231
143,"control","small_granivore",1990-01-29,2,30,85.8099189556116
144,"control","small_granivore",1990-02-24,3,43,123.754106314619
145,"control","small_granivore",1990-03-29,4,42,132.730841741295
146,"control","small_granivore",1990-04-24,1,8,27.0663539374619
147,"control","small_granivore",1990-05-23,0,0,0
148,"control","small_granivore",1990-06-21,0,0,0
149,"control","small_granivore",1990-07-21,0,0,0
150,"control","small_granivore",1990-08-16,0,0,0
151,"control","small_granivore",1990-09-22,1,18,49.7240672582641
152,"control","small_granivore",1990-10-15,0,0,0
153,"control","small_granivore",1990-11-10,0,0,0
154,"control","small_granivore",1990-12-15,3,25,83.6988151601246
155,"control","small_granivore",1991-01-11,1,10,31.9972214033309
1,"exclosure","small_granivore",1977-07-16,1,7.899749373,26.8115703456281
2,"exclosure","small_granivore",1977-08-19,1,7.899749373,26.8115703456281
3,"exclosure","small_granivore",1977-09-11,0,0,0
4,"exclosure","small_granivore",1977-10-16,1,20,53.8126975522807
5,"exclosure","small_granivore",1977-11-12,1,7,24.4870121320489
6,"exclosure","small_granivore",1977-12-10,1,7,24.4870121320489
7,"exclosure","small_granivore",1978-01-08,1,8,27.0663539374619
8,"exclosure","small_granivore",1978-02-18,0,0,0
9,"exclosure","small_granivore",1978-03-11,1,8,27.0663539374619
10,"exclosure","small_granivore",1978-04-08,0,0,0
11,"exclosure","small_granivore",1978-05-17,0,0,0
12,"exclosure","small_granivore",1978-06-08,1,17,47.6374995226924
13,"exclosure","small_granivore",1978-07-07,0,0,0
14,"exclosure","small_granivore",1978-08-04,2,19,60.7691070680789
15,"exclosure","small_granivore",1978-09-03,2,24,72.5863539374619
16,"exclosure","small_granivore",1978-10-06,4,50,148.306721816378
17,"exclosure","small_granivore",1978-11-04,0,0,0
18,"exclosure","small_granivore",1978-12-02,0,0,0
19,"exclosure","small_granivore",1979-01-28,0,0,0
20,"exclosure","small_granivore",1979-02-24,0,0,0
21,"exclosure","small_granivore",1979-03-31,1,7,24.4870121320489
22,"exclosure","small_granivore",1979-04-28,2,32,90.737428135816
23,"exclosure","small_granivore",1979-05-29,1,20,53.8126975522807
24,"exclosure","small_granivore",1979-07-03,1,9,29.5661072852007
25,"exclosure","small_granivore",1979-07-24,3,25,83.3768462674993
26,"exclosure","small_granivore",1979-08-21,0,0,0
27,"exclosure","small_granivore",1979-09-22,0,0,0
28,"exclosure","small_granivore",1979-10-24,0,0,0
29,"exclosure","small_granivore",1979-11-17,1,20,53.8126975522807
30,"exclosure","small_granivore",1980-01-15,0,0,0
31,"exclosure","small_granivore",1980-02-24,2,20,63.7521714099177
32,"exclosure","small_granivore",1980-03-21,2,14.899749373,51.2985824776769
33,"exclosure","small_granivore",1980-04-17,1,8,27.0663539374619
34,"exclosure","small_granivore",1980-05-17,1,6,21.8135175789677
35,"exclosure","small_granivore",1980-06-22,2,14,48.9740242640977
36,"exclosure","small_granivore",1980-07-21,1,7,24.4870121320489
37,"exclosure","small_granivore",1980-08-13,2,16,53.8107389822986
38,"exclosure","small_granivore",1980-09-07,2,18,59.1322145704015
39,"exclosure","small_granivore",1980-10-11,3,33,101.277433327775
40,"exclosure","small_granivore",1980-11-08,1,7,24.4870121320489
41,"exclosure","small_granivore",1980-12-15,1,7,24.4870121320489
42,"exclosure","small_granivore",1981-01-11,2,27,78.8481925841668
43,"exclosure","small_granivore",1981-01-31,3,56,149.801090898398
44,"exclosure","small_granivore",1981-03-08,0,0,0
45,"exclosure","small_granivore",1981-05-03,1,18,49.7240672582641
46,"exclosure","small_granivore",1981-06-04,0,0,0
47,"exclosure","small_granivore",1981-07-07,1,5,19.0256616765792
48,"exclosure","small_granivore",1981-07-30,0,0,0
49,"exclosure","small_granivore",1981-08-30,0,0,0
50,"exclosure","small_granivore",1981-09-29,0,0,0
51,"exclosure","small_granivore",1981-10-24,3,60,161.117282975877
52,"exclosure","small_granivore",1981-11-22,4,60,169.069627834734
53,"exclosure","small_granivore",1981-12-30,3,38,112.302550494122
54,"exclosure","small_granivore",1982-01-24,5,76,215.300889140159
55,"exclosure","small_granivore",1982-02-22,9,126,362.726327291868
56,"exclosure","small_granivore",1982-03-29,6,91,260.319752376819
57,"exclosure","small_granivore",1982-04-28,2,30,86.1500381140217
58,"exclosure","small_granivore",1982-05-21,10,148,422.594028351251
59,"exclosure","small_granivore",1982-06-28,4,44,134.980186458392
60,"exclosure","small_granivore",1982-07-25,5,71,204.640194278726
61,"exclosure","small_granivore",1982-08-15,2,41,109.483730766221
62,"exclosure","small_granivore",1982-09-18,3,31,97.3637984905128
63,"exclosure","small_granivore",1982-11-21,4,69,187.139391171041
64,"exclosure","small_granivore",1983-01-12,5,54,164.422421643184
65,"exclosure","small_granivore",1983-02-26,2,19,61.5633286885316
66,"exclosure","small_granivore",1983-03-14,5,46,150.064236030772
67,"exclosure","small_granivore",1983-04-16,4,46,141.061029071821
68,"exclosure","small_granivore",1983-05-14,6,121,320.359927278305
69,"exclosure","small_granivore",1983-06-17,1,8,27.0663539374619
70,"exclosure","small_granivore",1983-07-16,1,5,19.0256616765792
71,"exclosure","small_granivore",1983-08-15,2,20,63.7521714099177
72,"exclosure","small_granivore",1983-09-10,2,25,74.7038534601543
73,"exclosure","small_granivore",1983-10-15,0,0,0
74,"exclosure","small_granivore",1983-11-12,0,0,0
75,"exclosure","small_granivore",1983-12-08,1,21,55.8183169587426
76,"exclosure","small_granivore",1984-02-04,0,0,0
77,"exclosure","small_granivore",1984-03-12,0,0,0
78,"exclosure","small_granivore",1984-04-09,1,9,29.5661072852007
79,"exclosure","small_granivore",1984-05-27,3,51,139.726310501291
80,"exclosure","small_granivore",1984-07-03,2,41,108.884361165974
81,"exclosure","small_granivore",1984-07-31,6,93,264.632369966442
82,"exclosure","small_granivore",1984-08-25,2,29,84.5512114992246
83,"exclosure","small_granivore",1984-09-29,2,35,97.3615667809565
84,"exclosure","small_granivore",1984-10-20,1,12,36.6858174724557
85,"exclosure","small_granivore",1984-12-30,0,0,0
86,"exclosure","small_granivore",1985-01-19,0,0,0
87,"exclosure","small_granivore",1985-02-16,2,44.98281643,117.52599210685
88,"exclosure","small_granivore",1985-03-16,2,36,99.187447013739
89,"exclosure","small_granivore",1985-05-23,1,14,41.1820814442282
90,"exclosure","small_granivore",1985-06-15,0,0,0
91,"exclosure","small_granivore",1985-07-23,1,20,53.8126975522807
92,"exclosure","small_granivore",1985-08-19,0,0,0
93,"exclosure","small_granivore",1985-09-21,2,39,105.437690984275
94,"exclosure","small_granivore",1985-10-12,1,18,49.7240672582641
95,"exclosure","small_granivore",1985-11-16,2,33,92.9639200909331
96,"exclosure","small_granivore",1985-12-07,1,13,38.9555894891111
97,"exclosure","small_granivore",1986-03-08,1,20,53.8126975522807
98,"exclosure","small_granivore",1986-04-12,0,0,0
99,"exclosure","small_granivore",1986-05-10,4,76,206.239511716915
100,"exclosure","small_granivore",1986-06-04,1,24,61.6979448064802
101,"exclosure","small_granivore",1986-07-03,1,17,47.6374995226924
102,"exclosure","small_granivore",1986-08-09,2,31,87.8155383620735
103,"exclosure","small_granivore",1986-09-06,2,37,101.450197074973
104,"exclosure","small_granivore",1986-10-04,0,0,0
105,"exclosure","small_granivore",1986-11-15,1,21,55.8183169587426
106,"exclosure","small_granivore",1986-12-14,0,0,0
107,"exclosure","small_granivore",1987-01-31,5,84,231.531202340809
108,"exclosure","small_granivore",1987-03-01,3,48,134.198269986764
109,"exclosure","small_granivore",1987-04-04,3,71,183.031492876201
110,"exclosure","small_granivore",1987-04-25,3,63,167.283922227804
111,"exclosure","small_granivore",1987-05-28,4,79,212.872209139717
112,"exclosure","small_granivore",1987-06-30,5,67,194.693964567231
113,"exclosure","small_granivore",1987-07-25,8,134,371.041644281703
114,"exclosure","small_granivore",1987-08-25,5,100,266.14113872891
115,"exclosure","small_granivore",1987-09-26,5,110,288.20253583726
116,"exclosure","small_granivore",1987-10-24,6,111,299.567477338137
117,"exclosure","small_granivore",1987-11-21,9,165,448.5379144932
118,"exclosure","small_granivore",1988-01-23,7,115,319.379623353996
119,"exclosure","small_granivore",1988-02-21,10,199.72923441,532.876871267744
120,"exclosure","small_granivore",1988-03-20,6,99,273.171407933278
121,"exclosure","small_granivore",1988-04-17,4,106,265.207998938496
122,"exclosure","small_granivore",1988-05-14,5,107,281.956403575808
123,"exclosure","small_granivore",1988-06-11,9,199,518.765702868642
124,"exclosure","small_granivore",1988-07-14,7,167,428.865626964651
125,"exclosure","small_granivore",1988-08-09,14,270,725.242231312372
126,"exclosure","small_granivore",1988-09-11,6,123,327.721309772193
127,"exclosure","small_granivore",1988-10-08,9,164,450.587169448707
128,"exclosure","small_granivore",1988-11-05,10,182,499.082380305048
129,"exclosure","small_granivore",1988-12-13,9,134,383.690094760674
130,"exclosure","small_granivore",1989-01-10,11,163,467.13257042232
131,"exclosure","small_granivore",1989-02-04,18,239.71205084,705.125727500905
132,"exclosure","small_granivore",1989-03-12,16,254,711.892655826958
133,"exclosure","small_granivore",1989-04-01,11,136,409.726884165111
134,"exclosure","small_granivore",1989-05-09,16,270,750.254345411988
135,"exclosure","small_granivore",1989-06-03,14,183,540.550890367975
136,"exclosure","small_granivore",1989-07-03,5,68,199.120457772946
137,"exclosure","small_granivore",1989-07-29,7,130,353.710602612421
138,"exclosure","small_granivore",1989-09-03,6,92,258.964450418327
139,"exclosure","small_granivore",1989-10-07,9,141,398.154202984793
140,"exclosure","small_granivore",1989-11-04,11,141,415.713690958941
141,"exclosure","small_granivore",1989-12-04,8,102,304.946362139426
142,"exclosure","small_granivore",1990-01-06,12,127,396.774707845725
143,"exclosure","small_granivore",1990-01-29,13,144,442.090516061107
144,"exclosure","small_granivore",1990-02-24,10,128.98281643,380.449488388544
145,"exclosure","small_granivore",1990-03-29,8,116,331.679162693505
146,"exclosure","small_granivore",1990-04-24,11,140,415.123684670426
147,"exclosure","small_granivore",1990-05-23,3,50,139.148137393488
148,"exclosure","small_granivore",1990-06-21,6,69,209.741275221157
149,"exclosure","small_granivore",1990-07-21,10,142,410.198140194003
150,"exclosure","small_granivore",1990-08-16,7,125,341.650914794479
151,"exclosure","small_granivore",1990-09-22,6,92,261.696560370726
152,"exclosure","small_granivore",1990-10-15,4,66,183.625520552374
153,"exclosure","small_granivore",1990-11-10,4,35,115.487672822028
154,"exclosure","small_granivore",1990-12-15,13,169,499.199426866875
155,"exclosure","small_granivore",1991-01-11,13,154,466.118595863494
1,"control","grasshopper",1977-07-16,0,0,0
2,"control","grasshopper",1977-08-19,0,0,0
3,"control","grasshopper",1977-09-11,0,0,0
4,"control","grasshopper",1977-10-16,2,42,111.636633917485
5,"control","grasshopper",1977-11-12,3,86.30943531,211.771693961305
6,"control","grasshopper",1977-12-10,4,103.29470708,260.400538475308
7,"control","grasshopper",1978-01-08,3,79.23871131,198.594661877446
8,"control","grasshopper",1978-02-18,2,49,125.314078766349
9,"control","grasshopper",1978-03-11,4,114,280.216267174391
10,"control","grasshopper",1978-04-08,0,0,0
11,"control","grasshopper",1978-05-17,1,30,72.9378919918372
12,"control","grasshopper",1978-06-08,0,0,0
13,"control","grasshopper",1978-07-07,1,22,57.8001914615828
14,"control","grasshopper",1978-08-04,0,0,0
15,"control","grasshopper",1978-09-03,0,0,0
16,"control","grasshopper",1978-10-06,0,0,0
17,"control","grasshopper",1978-11-04,4,97,248.517529094296
18,"control","grasshopper",1978-12-02,8,244.05599577,589.938945607768
19,"control","grasshopper",1979-01-28,5,161,383.883769238251
20,"control","grasshopper",1979-02-24,3,102,239.994910570226
21,"control","grasshopper",1979-03-31,0,0,0
22,"control","grasshopper",1979-04-28,0,0,0
23,"control","grasshopper",1979-05-29,0,0,0
24,"control","grasshopper",1979-07-03,0,0,0
25,"control","grasshopper",1979-07-24,2,61,147.241713778487
26,"control","grasshopper",1979-08-21,3,64,168.84634727827
27,"control","grasshopper",1979-09-22,5,122,311.214784337293
28,"control","grasshopper",1979-10-24,0,0,0
29,"control","grasshopper",1979-11-17,5,176,411.122084409278
30,"control","grasshopper",1980-01-15,4,128,304.641007517984
31,"control","grasshopper",1980-02-24,4,155,353.372079372061
32,"control","grasshopper",1980-03-21,1,37,85.3617990345562
33,"control","grasshopper",1980-04-17,0,0,0
34,"control","grasshopper",1980-05-17,2,63,150.497485954742
35,"control","grasshopper",1980-06-22,0,0,0
36,"control","grasshopper",1980-07-21,0,0,0
37,"control","grasshopper",1980-08-13,4,124,298.54769091801
38,"control","grasshopper",1980-09-07,3,77,193.513893723224
39,"control","grasshopper",1980-10-11,6,140,359.034954628892
40,"control","grasshopper",1980-11-08,2,44,115.5779804667
41,"control","grasshopper",1980-12-15,1,21,55.8183169587426
42,"control","grasshopper",1981-01-11,2,73,168.915946308827
43,"control","grasshopper",1981-01-31,2,76,173.99125043277
44,"control","grasshopper",1981-03-08,1,39,88.7995411482622
45,"control","grasshopper",1981-05-03,0,0,0
46,"control","grasshopper",1981-06-04,0,0,0
47,"control","grasshopper",1981-07-07,0,0,0
48,"control","grasshopper",1981-07-30,3,75,189.229714685346
49,"control","grasshopper",1981-08-30,0,0,0
50,"control","grasshopper",1981-09-29,0,0,0
51,"control","grasshopper",1981-10-24,8,175,459.461320004176
52,"control","grasshopper",1981-11-22,2,45,117.55985496954
53,"control","grasshopper",1981-12-30,1,27,67.3961502032971
54,"control","grasshopper",1982-01-24,2,66,155.572790078685
55,"control","grasshopper",1982-02-22,0,0,0
56,"control","grasshopper",1982-03-29,2,67,157.244186346826
57,"control","grasshopper",1982-04-28,0,0,0
58,"control","grasshopper",1982-05-21,1,45,98.8602380143538
59,"control","grasshopper",1982-06-28,0,0,0
60,"control","grasshopper",1982-07-25,5,142,348.909142185515
61,"control","grasshopper",1982-08-15,1,34,80.1164051605652
62,"control","grasshopper",1982-09-18,3,81,202.171110632551
63,"control","grasshopper",1982-11-21,4,121,292.647481339475
64,"control","grasshopper",1983-01-12,3,90,218.400540247871
65,"control","grasshopper",1983-02-26,0,0,0
66,"control","grasshopper",1983-03-14,1,29,71.1067394489141
67,"control","grasshopper",1983-04-16,1,31,74.7538451814357
68,"control","grasshopper",1983-05-14,2,32,91.04
69,"control","grasshopper",1983-06-17,3,64,168.088860693538
70,"control","grasshopper",1983-07-16,3,79,198.262553160168
71,"control","grasshopper",1983-08-15,2,49,125.314078766349
72,"control","grasshopper",1983-09-10,2,49,125.314078766349
73,"control","grasshopper",1983-10-15,5,131,329.384286550009
74,"control","grasshopper",1983-11-12,5,134,334.614306111684
75,"control","grasshopper",1983-12-08,3,81,201.574013475003
76,"control","grasshopper",1984-02-04,3,66,173.247148470892
77,"control","grasshopper",1984-03-12,1,23,59.7596635079572
78,"control","grasshopper",1984-04-09,1,33,78.3425532205783
79,"control","grasshopper",1984-05-27,4,93,239.553915780929
80,"control","grasshopper",1984-07-03,1,28,69.259729318276
81,"control","grasshopper",1984-07-31,3,68,176.783988038123
82,"control","grasshopper",1984-08-25,4,85,220.764125861628
83,"control","grasshopper",1984-09-29,2,52.05599577,131.065605916138
84,"control","grasshopper",1984-10-20,3,81,202.069257062684
85,"control","grasshopper",1984-12-30,3,90,217.811981925046
86,"control","grasshopper",1985-01-19,1,20,53.8126975522807
87,"control","grasshopper",1985-02-16,3,101,237.313361117169
88,"control","grasshopper",1985-03-16,7,206,498.4424239904
89,"control","grasshopper",1985-05-23,1,34,80.1164051605652
90,"control","grasshopper",1985-06-15,0,0,0
91,"control","grasshopper",1985-07-23,0,0,0
92,"control","grasshopper",1985-08-19,0,0,0
93,"control","grasshopper",1985-09-21,5,121,310.32744614539
94,"control","grasshopper",1985-10-12,10,267,666.50810079075
95,"control","grasshopper",1985-11-16,3,92,221.915824986262
96,"control","grasshopper",1985-12-07,2,47,121.457608314437
97,"control","grasshopper",1986-03-08,2,49,125.274894618935
98,"control","grasshopper",1986-04-12,0,0,0
99,"control","grasshopper",1986-05-10,2,59,143.857784331556
100,"control","grasshopper",1986-06-04,0,0,0
101,"control","grasshopper",1986-07-03,0,0,0
102,"control","grasshopper",1986-08-09,0,0,0
103,"control","grasshopper",1986-09-06,2,46,119.327928663258
104,"control","grasshopper",1986-10-04,4,84,223.203375571261
105,"control","grasshopper",1986-11-15,2,46,119.498136268063
106,"control","grasshopper",1986-12-14,3,78,196.420818215263
107,"control","grasshopper",1987-01-31,3,81,201.869288411047
108,"control","grasshopper",1987-03-01,7,199,490.055348346069
109,"control","grasshopper",1987-04-04,3,85,209.431072922843
110,"control","grasshopper",1987-04-25,1,27,67.3961502032971
111,"control","grasshopper",1987-05-28,4,110,273.138726450529
112,"control","grasshopper",1987-06-30,2,61,147.661949093612
113,"control","grasshopper",1987-07-25,1,26,65.5152311109777
114,"control","grasshopper",1987-08-25,5,100,263.667669106187
115,"control","grasshopper",1987-09-26,6,149,379.641785502076
116,"control","grasshopper",1987-10-24,4,101,256.180481723221
117,"control","grasshopper",1987-11-21,1,28,69.259729318276
118,"control","grasshopper",1988-01-23,2,67,158.458958381143
119,"control","grasshopper",1988-02-21,3,87,212.489931764006
120,"control","grasshopper",1988-03-20,2,61,147.392490916716
121,"control","grasshopper",1988-04-17,3,91,220.15409944115
122,"control","grasshopper",1988-05-14,1,30,72.9378919918372
123,"control","grasshopper",1988-06-11,1,20,53.8126975522807
124,"control","grasshopper",1988-07-14,1,38,87.0863249865208
125,"control","grasshopper",1988-08-09,4,122,292.159509884837
126,"control","grasshopper",1988-09-11,2,40,107.600155605447
127,"control","grasshopper",1988-10-08,2,43,113.618508420325
128,"control","grasshopper",1988-11-05,7,179,451.730814969125
129,"control","grasshopper",1988-12-13,2,61,147.661949093612
130,"control","grasshopper",1989-01-10,6,165,407.772741105276
131,"control","grasshopper",1989-02-04,8,228,559.07684696172
132,"control","grasshopper",1989-03-12,4,147,339.246904547896
133,"control","grasshopper",1989-04-01,3,107,249.054458025717
134,"control","grasshopper",1989-05-09,1,38,87.0863249865208
135,"control","grasshopper",1989-06-03,0,0,0
136,"control","grasshopper",1989-07-03,1,18,49.7240672582641
137,"control","grasshopper",1989-07-29,3,62,165.32445018143
138,"control","grasshopper",1989-09-03,4,100,254.103272575377
139,"control","grasshopper",1989-10-07,3,90,218.400540247871
140,"control","grasshopper",1989-11-04,11,271,689.025567074702
141,"control","grasshopper",1989-12-04,3,74,188.757865586339
142,"control","grasshopper",1990-01-06,4,98,250.477001140671
143,"control","grasshopper",1990-01-29,2,43,113.618508420325
144,"control","grasshopper",1990-02-24,2,57,140.040498027058
145,"control","grasshopper",1990-03-29,2,47,121.457608314437
146,"control","grasshopper",1990-04-24,3,83,205.766129344602
147,"control","grasshopper",1990-05-23,2,49,125.314078766349
148,"control","grasshopper",1990-06-21,1,27,67.3961502032971
149,"control","grasshopper",1990-07-21,1,14,41.1820814442282
150,"control","grasshopper",1990-08-16,2,54,134.355401106281
151,"control","grasshopper",1990-09-22,0,0,0
152,"control","grasshopper",1990-10-15,3,75,190.792039816258
153,"control","grasshopper",1990-11-10,3,70,180.872618332139
154,"control","grasshopper",1990-12-15,3,79,198.069267753996
155,"control","grasshopper",1991-01-11,9,245,608.48326155339
1,"exclosure","grasshopper",1977-07-16,0,0,0
2,"exclosure","grasshopper",1977-08-19,0,0,0
3,"exclosure","grasshopper",1977-09-11,0,0,0
4,"exclosure","grasshopper",1977-10-16,1,21,55.8183169587426
5,"exclosure","grasshopper",1977-11-12,0,0,0
6,"exclosure","grasshopper",1977-12-10,0,0,0
7,"exclosure","grasshopper",1978-01-08,0,0,0
8,"exclosure","grasshopper",1978-02-18,0,0,0
9,"exclosure","grasshopper",1978-03-11,2,59,142.904641945263
10,"exclosure","grasshopper",1978-04-08,1,31.12671977,74.9829086817215
11,"exclosure","grasshopper",1978-05-17,1,24,61.6979448064802
12,"exclosure","grasshopper",1978-06-08,2,72,166.467676920323
13,"exclosure","grasshopper",1978-07-07,0,0,0
14,"exclosure","grasshopper",1978-08-04,3,82,202.369818790224
15,"exclosure","grasshopper",1978-09-03,1,36,83.6255798186177
16,"exclosure","grasshopper",1978-10-06,2,58,141.814349967045
17,"exclosure","grasshopper",1978-11-04,2,63,150.877030145534
18,"exclosure","grasshopper",1978-12-02,2,65,154.732319267532
19,"exclosure","grasshopper",1979-01-28,2,71,165.35475079296
20,"exclosure","grasshopper",1979-02-24,1,39,88.7995411482622
21,"exclosure","grasshopper",1979-03-31,0,0,0
22,"exclosure","grasshopper",1979-04-28,0,0,0
23,"exclosure","grasshopper",1979-05-29,0,0,0
24,"exclosure","grasshopper",1979-07-03,0,0,0
25,"exclosure","grasshopper",1979-07-24,1,27,67.3961502032971
26,"exclosure","grasshopper",1979-08-21,2,65,152.672935566634
27,"exclosure","grasshopper",1979-09-22,4,108,267.653673962153
28,"exclosure","grasshopper",1979-10-24,1,23,59.7596635079572
29,"exclosure","grasshopper",1979-11-17,5,143,350.772658532119
30,"exclosure","grasshopper",1980-01-15,2,52,131.012284163166
31,"exclosure","grasshopper",1980-02-24,0,0,0
32,"exclosure","grasshopper",1980-03-21,3,90,218.237662312701
33,"exclosure","grasshopper",1980-04-17,2,74,170.711904805138
34,"exclosure","grasshopper",1980-05-17,0,0,0
35,"exclosure","grasshopper",1980-06-22,0,0,0
36,"exclosure","grasshopper",1980-07-21,1,33,78.3425532205783
37,"exclosure","grasshopper",1980-08-13,0,0,0
38,"exclosure","grasshopper",1980-09-07,1,18,49.7240672582641
39,"exclosure","grasshopper",1980-10-11,2,47,121.416325421452
40,"exclosure","grasshopper",1980-11-08,2,59,143.161990496139
41,"exclosure","grasshopper",1980-12-15,1,22,57.8001914615828
42,"exclosure","grasshopper",1981-01-11,5,149,361.64299778441
43,"exclosure","grasshopper",1981-01-31,2,77,175.752105077943
44,"exclosure","grasshopper",1981-03-08,2,60,145.86058463035
45,"exclosure","grasshopper",1981-05-03,0,0,0
46,"exclosure","grasshopper",1981-06-04,1,27,67.3961502032971
47,"exclosure","grasshopper",1981-07-07,0,0,0
48,"exclosure","grasshopper",1981-07-30,1,18,49.7240672582641
49,"exclosure","grasshopper",1981-08-30,0,0,0
50,"exclosure","grasshopper",1981-09-29,2,58,141.180115993299
51,"exclosure","grasshopper",1981-10-24,5,103,274.621292621394
52,"exclosure","grasshopper",1981-11-22,2,48,123.39588961296
53,"exclosure","grasshopper",1981-12-30,0,0,0
54,"exclosure","grasshopper",1982-01-24,1,23,59.7596635079572
55,"exclosure","grasshopper",1982-02-22,0,0,0
56,"exclosure","grasshopper",1982-03-29,3,104,243.114313407502
57,"exclosure","grasshopper",1982-04-28,0,0,0
58,"exclosure","grasshopper",1982-05-21,0,0,0
59,"exclosure","grasshopper",1982-06-28,2,41,109.631014511023
60,"exclosure","grasshopper",1982-07-25,4,89,231.138266182697
61,"exclosure","grasshopper",1982-08-15,4,105,263.531169379833
62,"exclosure","grasshopper",1982-09-18,3,78,196.491997238014
63,"exclosure","grasshopper",1982-11-21,2,51,129.094095009777
64,"exclosure","grasshopper",1983-01-12,5,171,401.40826394172
65,"exclosure","grasshopper",1983-02-26,2,69,161.453198802646
66,"exclosure","grasshopper",1983-03-14,4,122,294.879514353471
67,"exclosure","grasshopper",1983-04-16,2,65,154.897762865276
68,"exclosure","grasshopper",1983-05-14,0,0,0
69,"exclosure","grasshopper",1983-06-17,3,73,186.556400412163
70,"exclosure","grasshopper",1983-07-16,1,30,72.9378919918372
71,"exclosure","grasshopper",1983-08-15,1,45,98.8602380143538
72,"exclosure","grasshopper",1983-09-10,1,28,69.259729318276
73,"exclosure","grasshopper",1983-10-15,2,59,143.857784331556
74,"exclosure","grasshopper",1983-11-12,5,147,358.469468544045
75,"exclosure","grasshopper",1983-12-08,3,87,212.99226843871
76,"exclosure","grasshopper",1984-02-04,1,33,78.3425532205783
77,"exclosure","grasshopper",1984-03-12,0,0,0
78,"exclosure","grasshopper",1984-04-09,0,0,0
79,"exclosure","grasshopper",1984-05-27,0,0,0
80,"exclosure","grasshopper",1984-07-03,3,76,192.564347763352
81,"exclosure","grasshopper",1984-07-31,3,71,183.075086080518
82,"exclosure","grasshopper",1984-08-25,1,21,55.8183169587426
83,"exclosure","grasshopper",1984-09-29,3,88,213.877606401517
84,"exclosure","grasshopper",1984-10-20,3,68,176.244993333141
85,"exclosure","grasshopper",1984-12-30,1,45,98.8602380143538
86,"exclosure","grasshopper",1985-01-19,8,198,503.029988728376
87,"exclosure","grasshopper",1985-02-16,2,63,151.309054826134
88,"exclosure","grasshopper",1985-03-16,3,97.12671977,231.614013668896
89,"exclosure","grasshopper",1985-05-23,0,0,0
90,"exclosure","grasshopper",1985-06-15,0,0,0
91,"exclosure","grasshopper",1985-07-23,0,0,0
92,"exclosure","grasshopper",1985-08-19,1,28,69.259729318276
93,"exclosure","grasshopper",1985-09-21,0,0,0
94,"exclosure","grasshopper",1985-10-12,2,56,137.438277370898
95,"exclosure","grasshopper",1985-11-16,2,56,137.916596622148
96,"exclosure","grasshopper",1985-12-07,2,53,132.697555499794
97,"exclosure","grasshopper",1986-03-08,1,31,74.7538451814357
98,"exclosure","grasshopper",1986-04-12,0,0,0
99,"exclosure","grasshopper",1986-05-10,1,33,78.3425532205783
100,"exclosure","grasshopper",1986-06-04,0,0,0
101,"exclosure","grasshopper",1986-07-03,1,42,93.8748452722046
102,"exclosure","grasshopper",1986-08-09,0,0,0
103,"exclosure","grasshopper",1986-09-06,0,0,0
104,"exclosure","grasshopper",1986-10-04,0,0,0
105,"exclosure","grasshopper",1986-11-15,4,116,283.863684338379
106,"exclosure","grasshopper",1986-12-14,0,0,0
107,"exclosure","grasshopper",1987-01-31,2,76,174.172649973042
108,"exclosure","grasshopper",1987-03-01,1,31,74.7538451814357
109,"exclosure","grasshopper",1987-04-04,1,11,34.3681994673169
110,"exclosure","grasshopper",1987-04-25,1,22,57.8001914615828
111,"exclosure","grasshopper",1987-05-28,2,64,152.983999254653
112,"exclosure","grasshopper",1987-06-30,3,64,168.895797467826
113,"exclosure","grasshopper",1987-07-25,1,19,51.7818386467049
114,"exclosure","grasshopper",1987-08-25,2,67,158.059270466538
115,"exclosure","grasshopper",1987-09-26,4,123,295.407575854222
116,"exclosure","grasshopper",1987-10-24,5,149,361.676472330389
117,"exclosure","grasshopper",1987-11-21,3,95,226.998722348252
118,"exclosure","grasshopper",1988-01-23,1,25,63.616133959869
119,"exclosure","grasshopper",1988-02-21,1,33,78.3425532205783
120,"exclosure","grasshopper",1988-03-20,1,39,88.7995411482622
121,"exclosure","grasshopper",1988-04-17,3,52,142.194966658473
122,"exclosure","grasshopper",1988-05-14,0,0,0
123,"exclosure","grasshopper",1988-06-11,2,43,112.628859373272
124,"exclosure","grasshopper",1988-07-14,2,58,142.197621310113
125,"exclosure","grasshopper",1988-08-09,3,65,170.952922095253
126,"exclosure","grasshopper",1988-09-11,6,154,387.108873732022
127,"exclosure","grasshopper",1988-10-08,5,107,282.363400792525
128,"exclosure","grasshopper",1988-11-05,3,79,197.387902164499
129,"exclosure","grasshopper",1988-12-13,0,0,0
130,"exclosure","grasshopper",1989-01-10,4,118,288.089262881503
131,"exclosure","grasshopper",1989-02-04,0,0,0
132,"exclosure","grasshopper",1989-03-12,4,104,262.007228348992
133,"exclosure","grasshopper",1989-04-01,3,89,216.845442872789
134,"exclosure","grasshopper",1989-05-09,2,58,142.197621310113
135,"exclosure","grasshopper",1989-06-03,2,52,130.957674124756
136,"exclosure","grasshopper",1989-07-03,0,0,0
137,"exclosure","grasshopper",1989-07-29,0,0,0
138,"exclosure","grasshopper",1989-09-03,1,22,57.8001914615828
139,"exclosure","grasshopper",1989-10-07,0,0,0
140,"exclosure","grasshopper",1989-11-04,2,45,116.897228840968
141,"exclosure","grasshopper",1989-12-04,1,31,74.7538451814357
142,"exclosure","grasshopper",1990-01-06,0,0,0
143,"exclosure","grasshopper",1990-01-29,1,21,55.8183169587426
144,"exclosure","grasshopper",1990-02-24,1,21,55.8183169587426
145,"exclosure","grasshopper",1990-03-29,2,46,119.519327015914
146,"exclosure","grasshopper",1990-04-24,4,93,237.846494709443
147,"exclosure","grasshopper",1990-05-23,2,52,131.012284163166
148,"exclosure","grasshopper",1990-06-21,1,24,61.6979448064802
149,"exclosure","grasshopper",1990-07-21,3,99,234.241314039395
150,"exclosure","grasshopper",1990-08-16,3,62,164.396548606268
151,"exclosure","grasshopper",1990-09-22,4,112,276.725369556273
152,"exclosure","grasshopper",1990-10-15,6,164,407.14183684987
153,"exclosure","grasshopper",1990-11-10,2,60,145.814938962974
154,"exclosure","grasshopper",1990-12-15,0,0,0
155,"exclosure","grasshopper",1991-01-11,1,25,63.616133959869
