"period","censusdate","era","plot_type","total_e","dipo_e","smgran_e","pb_e","pp_e","nplots"
119,1988-02-21,"a_pre_ba","CC",377.915491608485,317.554606373669,60.3608852348153,0,0,3
119,1988-02-21,"a_pre_ba","EC",352.251976364343,205.7901556558,146.461820708543,0,0,3
119,1988-02-21,"a_pre_ba","XC",302.944688386028,139.68106933186,163.263619054167,0,0,3
120,1988-03-20,"a_pre_ba","CC",497.093795475232,414.373930578182,82.7198648970501,0,16.574689086088,3
120,1988-03-20,"a_pre_ba","EC",95.3277465862451,34.0458675395383,61.2818790467068,0,0,3
120,1988-03-20,"a_pre_ba","XC",326.65300450781,138.735569134846,187.917435372964,0,0,3
121,1988-04-17,"a_pre_ba","CC",315.662302784763,284.827591307697,30.8347114770661,0,18.6061056529142,3
121,1988-04-17,"a_pre_ba","EC",63.48471791902,0,63.48471791902,0,0,3
121,1988-04-17,"a_pre_ba","XC",158.812325954572,0,158.812325954572,0,0,3
122,1988-05-14,"a_pre_ba","CC",343.108909839716,325.171343988956,17.9375658507602,0,17.9375658507602,3
122,1988-05-14,"a_pre_ba","EC",95.7938885556901,57.9210524155816,37.8728361401085,0,0,3
122,1988-05-14,"a_pre_ba","XC",27.3352329966698,0,27.3352329966698,0,0,3
123,1988-06-11,"a_pre_ba","CC",392.623357878579,353.524334626018,39.0990232525608,0,17.260612882235,3
123,1988-06-11,"a_pre_ba","EC",130.003164639354,0,130.003164639354,0,19.2667304871943,3
123,1988-06-11,"a_pre_ba","XC",142.443419668864,0,142.443419668864,0,39.8327120893543,3
124,1988-07-14,"a_pre_ba","CC",316.186245217843,284.438222798422,31.7480224194214,0,16.574689086088,3
124,1988-07-14,"a_pre_ba","EC",98.9034587305972,0,98.9034587305972,0,57.1320991418142,3
124,1988-07-14,"a_pre_ba","XC",117.003276498941,0,117.003276498941,0,18.6061056529142,3
125,1988-08-09,"a_pre_ba","CC",445.484025722675,400.888179843771,44.5958458789047,0,15.8791665075641,3
125,1988-08-09,"a_pre_ba","EC",168.831297175903,0,168.831297175903,0,52.8446039331825,3
125,1988-08-09,"a_pre_ba","XC",99.4124045841002,0,99.4124045841002,0,35.7990543435499,3
126,1988-09-11,"a_pre_ba","CC",240.565379201482,211.664685386739,28.9006938147427,0,15.1733333333333,3
126,1988-09-11,"a_pre_ba","EC",109.240436590731,0,109.240436590731,0,53.4221196319883,3
126,1988-09-11,"a_pre_ba","XC",96.736020887104,0,96.736020887104,0,19.2667304871943,3
127,1988-10-08,"a_pre_ba","CC",439.300781627266,439.300781627266,0,0,0,3
127,1988-10-08,"a_pre_ba","EC",150.195723149569,0,150.195723149569,0,15.1733333333333,3
127,1988-10-08,"a_pre_ba","XC",96.1337956927952,0,96.1337956927952,0,0,3
128,1988-11-05,"a_pre_ba","CC",415.065726476446,303.934951045892,111.130775430555,0,0,3
128,1988-11-05,"a_pre_ba","EC",188.178055150402,34.0458675395383,154.132187610864,0,0,3
128,1988-11-05,"a_pre_ba","XC",237.860030568133,32.4026492006822,205.457381367451,0,0,3
129,1988-12-13,"a_pre_ba","CC",468.035936229917,334.61458490766,133.421351322257,0,0,3
129,1988-12-13,"a_pre_ba","EC",187.043384860397,67.5411330823118,119.502251778085,0,0,3
129,1988-12-13,"a_pre_ba","XC",263.006487595447,0,263.006487595447,0,0,3
130,1989-01-10,"a_pre_ba","CC",362.572989605852,266.613637374271,95.9593522315811,0,0,3
130,1989-01-10,"a_pre_ba","EC",146.574246346928,0,146.574246346928,0,0,3
130,1989-01-10,"a_pre_ba","XC",334.03044268406,64.7927396378078,269.237703046252,0,0,3
131,1989-02-04,"a_pre_ba","CC",500.843938411718,338.023468736194,162.820469675524,0,0,3
131,1989-02-04,"a_pre_ba","EC",209.568430249735,0,209.568430249735,0,0,3
131,1989-02-04,"a_pre_ba","XC",307.57945532235,60.8286059443238,246.750849378026,0,0,3
132,1989-03-12,"a_pre_ba","CC",417.377220194532,282.455367861537,134.921852332995,0,0,3
132,1989-03-12,"a_pre_ba","EC",189.282032505148,0,189.282032505148,0,0,3
132,1989-03-12,"a_pre_ba","XC",312.556606032533,0,312.556606032533,0,20.5659816021601,3
133,1989-04-01,"a_pre_ba","CC",287.103040029965,213.277036918672,73.8260031112928,0,0,3
133,1989-04-01,"a_pre_ba","EC",118.427755221278,0,118.427755221278,0,15.1733333333333,3
133,1989-04-01,"a_pre_ba","XC",365.932186907391,34.5877204108605,331.34446649653,0,40.4721084738173,3
134,1989-05-09,"a_pre_ba","CC",292.495310145358,253.226263359043,39.2690467863141,0,0,3
134,1989-05-09,"a_pre_ba","EC",216.361674631803,0,216.361674631803,0,53.7879562516642,3
134,1989-05-09,"a_pre_ba","XC",137.716457151475,34.5877204108605,103.128736740614,0,0,3
135,1989-06-03,"a_pre_ba","CC",328.266517130613,260.076202774739,68.1903143558741,0,0,3
135,1989-06-03,"a_pre_ba","EC",150.167455619094,0,150.167455619094,0,0,3
135,1989-06-03,"a_pre_ba","XC",121.377150840156,0,121.377150840156,0,19.2667304871943,3
136,1989-07-03,"a_pre_ba","CC",263.062118266277,225.766977976061,37.2951402902159,0,15.1733333333333,3
136,1989-07-03,"a_pre_ba","EC",78.5483110479757,0,78.5483110479757,0,0,3
136,1989-07-03,"a_pre_ba","XC",131.130156634415,0,131.130156634415,0,15.8791665075641,3
137,1989-07-29,"a_pre_ba","CC",407.450036658953,398.427918679799,9.02211797915398,0,0,3
137,1989-07-29,"a_pre_ba","EC",104.91833770777,0,104.91833770777,0,45.1869662322469,3
137,1989-07-29,"a_pre_ba","XC",104.479819211845,0,104.479819211845,0,15.8791665075641,3
138,1989-09-03,"a_pre_ba","CC",292.138141523847,292.138141523847,0,0,0,3
138,1989-09-03,"a_pre_ba","EC",86.3214834727755,0,86.3214834727755,0,46.910232278651,3
138,1989-09-03,"a_pre_ba","XC",0,0,0,0,0,3
139,1989-10-07,"a_pre_ba","CC",371.088977321707,347.610482657554,23.4784946641528,0,0,3
139,1989-10-07,"a_pre_ba","EC",150.656731482009,30.1672696445635,120.489461837446,0,58.4857867339056,3
139,1989-10-07,"a_pre_ba","XC",100.784307496231,40.888807941399,59.8954995548323,0,0,3
140,1989-11-04,"a_pre_ba","CC",522.71282104144,444.239772569328,78.4730484721121,0,0,3
140,1989-11-04,"a_pre_ba","EC",129.549112340493,0,129.549112340493,0,28.1837371664082,3
140,1989-11-04,"a_pre_ba","XC",188.005723719937,0,188.005723719937,0,0,3
141,1989-12-04,"a_pre_ba","CC",553.844281650398,435.02794567153,118.816335978868,0,0,3
141,1989-12-04,"a_pre_ba","EC",101.648787379809,0,101.648787379809,0,15.8791665075641,3
141,1989-12-04,"a_pre_ba","XC",164.181641458503,0,164.181641458503,0,0,3
142,1990-01-06,"a_pre_ba","CC",402.831201044225,370.80915295296,32.0220480912657,0,0,3
142,1990-01-06,"a_pre_ba","EC",127.157518584858,0,127.157518584858,0,13.7273604814094,3
142,1990-01-06,"a_pre_ba","XC",65.4634367597824,0,65.4634367597824,0,0,3
143,1990-01-29,"a_pre_ba","CC",398.406122717096,377.885013154252,20.5211095628439,0,0,3
143,1990-01-29,"a_pre_ba","EC",152.866569484091,0,152.866569484091,0,0,3
143,1990-01-29,"a_pre_ba","XC",151.623231791855,0,151.623231791855,0,0,3
144,1990-02-24,"a_pre_ba","CC",549.576855423492,519.200376765581,30.3764786579108,0,0,3
144,1990-02-24,"a_pre_ba","EC",114.587890305363,0,114.587890305363,0,0,3
144,1990-02-24,"a_pre_ba","XC",165.226085308326,0,165.226085308326,0,0,3
145,1990-03-29,"a_pre_ba","CC",575.958406938302,518.22508606963,57.7333208686723,0,0,3
145,1990-03-29,"a_pre_ba","EC",105.096209746848,0,105.096209746848,0,0,3
145,1990-03-29,"a_pre_ba","XC",200.548913319268,32.4026492006822,168.146264118585,0,0,3
146,1990-04-24,"a_pre_ba","CC",634.007799902051,634.007799902051,0,0,0,3
146,1990-04-24,"a_pre_ba","EC",115.462428578597,0,115.462428578597,0,49.0285446797402,3
146,1990-04-24,"a_pre_ba","XC",52.4553605202091,0,52.4553605202091,0,0,3
147,1990-05-23,"a_pre_ba","CC",482.279912441451,482.279912441451,0,0,0,3
147,1990-05-23,"a_pre_ba","EC",46.3827124644961,0,46.3827124644961,0,17.260612882235,3
147,1990-05-23,"a_pre_ba","XC",32.7497153869958,0,32.7497153869958,0,0,3
148,1990-06-21,"a_pre_ba","CC",482.824892390107,482.824892390107,0,0,0,3
148,1990-06-21,"a_pre_ba","EC",42.9540745771382,0,42.9540745771382,0,26.629399822439,3
148,1990-06-21,"a_pre_ba","XC",58.004702289979,0,58.004702289979,0,0,3
149,1990-07-21,"a_pre_ba","CC",393.924142400868,393.924142400868,0,0,0,3
149,1990-07-21,"a_pre_ba","EC",96.9000013086467,0,96.9000013086467,0,64.1932110162352,3
149,1990-07-21,"a_pre_ba","XC",25.5184032148994,25.5184032148994,0,0,0,3
150,1990-08-16,"a_pre_ba","CC",447.318135364562,447.318135364562,0,0,0,3
150,1990-08-16,"a_pre_ba","EC",90.1813917818548,0,90.1813917818548,0,48.2396154182577,3
150,1990-08-16,"a_pre_ba","XC",33.8167323583244,0,33.8167323583244,0,33.8167323583244,3
151,1990-09-22,"a_pre_ba","CC",373.873949230102,373.873949230102,0,0,0,3
151,1990-09-22,"a_pre_ba","EC",87.232186790242,0,87.232186790242,0,59.1499615769066,3
151,1990-09-22,"a_pre_ba","XC",72.8304442730245,0,72.8304442730245,0,15.8791665075641,3
152,1990-10-15,"a_pre_ba","CC",617.380435003318,617.380435003318,0,0,0,3
152,1990-10-15,"a_pre_ba","EC",46.0351735174581,0,46.0351735174581,0,0,3
152,1990-10-15,"a_pre_ba","XC",110.344360682093,33.501124547073,76.8432361350201,0,16.574689086088,3
153,1990-11-10,"a_pre_ba","CC",488.279522143623,488.279522143623,0,0,0,3
153,1990-11-10,"a_pre_ba","EC",20.4781844682596,0,20.4781844682596,0,0,3
153,1990-11-10,"a_pre_ba","XC",115.518582180704,0,115.518582180704,0,0,3
154,1990-12-15,"a_pre_ba","CC",723.622917382261,714.600799403107,9.02211797915398,0,0,3
154,1990-12-15,"a_pre_ba","EC",149.215353599121,0,149.215353599121,0,0,3
154,1990-12-15,"a_pre_ba","XC",116.790970846025,0,116.790970846025,0,0,3
155,1991-01-11,"a_pre_ba","CC",595.916181182588,545.061518056417,50.8546631261704,0,0,3
155,1991-01-11,"a_pre_ba","EC",112.962057866228,0,112.962057866228,0,0,3
155,1991-01-11,"a_pre_ba","XC",137.829313743118,0,137.829313743118,0,14.4563766849988,3
156,1991-02-16,"a_pre_ba","CC",598.602922578943,598.602922578943,0,0,0,3
156,1991-02-16,"a_pre_ba","EC",74.4544075754833,0,74.4544075754833,0,0,3
156,1991-02-16,"a_pre_ba","XC",241.374366889831,77.6327704519656,163.741596437866,0,0,3
157,1991-03-13,"a_pre_ba","CC",641.376888817174,631.521519722107,9.85536909506691,0,0,3
157,1991-03-13,"a_pre_ba","EC",127.59401345108,0,127.59401345108,0,0,3
157,1991-03-13,"a_pre_ba","XC",115.691496649311,0,115.691496649311,0,0,3
158,1991-04-19,"a_pre_ba","CC",486.650794672187,468.713228821427,17.9375658507602,0,0,3
158,1991-04-19,"a_pre_ba","EC",93.7616378870336,0,93.7616378870336,0,15.1733333333333,3
158,1991-04-19,"a_pre_ba","XC",68.3542239825872,0,68.3542239825872,0,0,3
159,1991-05-13,"a_pre_ba","CC",418.515349067882,374.625336363208,43.8900127046739,0,32.4339462155683,3
159,1991-05-13,"a_pre_ba","EC",55.4687838194424,0,55.4687838194424,0,30.3466666666667,3
159,1991-05-13,"a_pre_ba","XC",110.75983546759,0,110.75983546759,0,19.9198878359857,3
160,1991-06-13,"a_pre_ba","CC",269.7581421166,269.7581421166,0,0,0,3
160,1991-06-13,"a_pre_ba","EC",18.8774870742209,0,18.8774870742209,0,0,3
160,1991-06-13,"a_pre_ba","XC",94.1355075581791,0,94.1355075581791,0,0,3
161,1991-07-12,"a_pre_ba","CC",294.045652314629,251.749237262346,42.2964150522831,0,31.0524998408975,3
161,1991-07-12,"a_pre_ba","EC",133.485497553901,0,133.485497553901,0,101.313040540861,3
161,1991-07-12,"a_pre_ba","XC",155.479806808258,0,155.479806808258,0,49.6737503885635,3
162,1991-08-07,"a_pre_ba","CC",366.643569917038,325.873429518463,40.7701403985753,0,31.7480224194214,3
162,1991-08-07,"a_pre_ba","EC",135.443517602881,0,135.443517602881,0,107.678249642545,3
162,1991-08-07,"a_pre_ba","XC",88.6103401557485,0,88.6103401557485,0,17.9375658507602,3
163,1991-09-09,"a_pre_ba","CC",321.213216767194,305.33405025963,15.8791665075641,0,15.8791665075641,3
163,1991-09-09,"a_pre_ba","EC",124.744860313541,0,124.744860313541,0,90.4338633356475,3
163,1991-09-09,"a_pre_ba","XC",85.2071139035253,27.8751932728726,57.3319206306527,0,0,3
164,1991-10-10,"a_pre_ba","CC",370.433250181946,305.567964443954,64.865285737992,0,0,3
164,1991-10-10,"a_pre_ba","EC",139.101104390512,0,139.101104390512,0,73.0913616360026,3
164,1991-10-10,"a_pre_ba","XC",93.4926067044953,0,93.4926067044953,0,12.2286058241519,3
165,1991-11-13,"a_pre_ba","CC",389.366994277508,318.549518220767,70.8174760567404,0,0,3
165,1991-11-13,"a_pre_ba","EC",273.141437601661,30.7311564947901,242.410281106871,0,38.1586231679702,3
165,1991-11-13,"a_pre_ba","XC",235.477894373771,0,235.477894373771,0,0,3
166,1991-12-07,"a_pre_ba","CC",426.051890176417,405.530780613573,20.5211095628439,0,0,3
166,1991-12-07,"a_pre_ba","EC",265.473789613234,62.0024962501029,203.471293363131,0,30.7669019992533,3
166,1991-12-07,"a_pre_ba","XC",347.958886846423,24.3126306639457,323.646256182477,0,0,3
167,1992-01-08,"a_pre_ba","CC",346.868602844881,326.347493282037,20.5211095628439,0,0,3
167,1992-01-08,"a_pre_ba","EC",85.0535668543249,33.501124547073,51.5524423072519,0,0,3
167,1992-01-08,"a_pre_ba","XC",81.0857521917801,0,81.0857521917801,0,0,3
168,1992-02-06,"a_pre_ba","CC",390.835018480084,349.334566535241,41.5004519448431,0,0,3
168,1992-02-06,"a_pre_ba","EC",166.649402263068,34.0458675395383,132.60353472353,0,0,3
168,1992-02-06,"a_pre_ba","XC",270.116530011602,143.1221939372,126.994336074402,0,0,3
169,1992-03-07,"a_pre_ba","CC",429.135651187982,328.499893504701,100.635757683281,0,0,3
169,1992-03-07,"a_pre_ba","EC",113.58165359531,0,113.58165359531,0,13.7273604814094,3
169,1992-03-07,"a_pre_ba","XC",181.060621387532,31.2916150907349,149.769006296797,0,0,3
170,1992-04-04,"a_pre_ba","CC",577.43691918709,553.734672704119,23.7022464829714,0,0,3
170,1992-04-04,"a_pre_ba","EC",182.429564439904,35.1267582399009,147.302806200003,0,51.7728678190832,3
170,1992-04-04,"a_pre_ba","XC",59.3740014535084,0,59.3740014535084,0,0,3
171,1992-05-02,"a_pre_ba","CC",348.09167666984,348.09167666984,0,0,0,3
171,1992-05-02,"a_pre_ba","EC",75.1157199700819,0,75.1157199700819,0,53.8042843859094,3
171,1992-05-02,"a_pre_ba","XC",37.6387167344324,0,37.6387167344324,0,15.1733333333333,3
172,1992-05-30,"a_pre_ba","CC",372.836436267391,372.836436267391,0,0,0,3
172,1992-05-30,"a_pre_ba","EC",92.7265405799024,0,92.7265405799024,0,73.0158023897686,3
172,1992-05-30,"a_pre_ba","XC",63.9575841732536,0,63.9575841732536,0,0,3
173,1992-07-03,"a_pre_ba","CC",504.555256720674,431.092868154273,73.4623885664016,0,61.2337827422497,3
173,1992-07-03,"a_pre_ba","EC",91.5066245247096,0,91.5066245247096,0,61.2337827422497,3
173,1992-07-03,"a_pre_ba","XC",107.034509358779,0,107.034509358779,0,62.5539765510621,3
174,1992-07-30,"a_pre_ba","CC",353.227653320277,320.087873930477,33.1397793897991,0,33.1397793897991,3
174,1992-07-30,"a_pre_ba","EC",87.7737375182893,0,87.7737375182893,0,55.100682574988,3
174,1992-07-30,"a_pre_ba","XC",64.1819686349896,0,64.1819686349896,0,33.835301968323,3
175,1992-08-29,"a_pre_ba","CC",488.414765938649,406.634752799239,81.78001313941,0,72.7578951602561,3
175,1992-08-29,"a_pre_ba","EC",157.641710144437,0,157.641710144437,0,105.143424529644,3
175,1992-08-29,"a_pre_ba","XC",51.0250635023225,0,51.0250635023225,0,31.7583330151283,3
176,1992-09-26,"a_pre_ba","CC",626.280299245443,492.570980936398,133.709318309045,0,91.4027457997657,3
176,1992-09-26,"a_pre_ba","EC",151.961652376925,29.5998470494207,122.361805327505,0,75.7349612587015,3
176,1992-09-26,"a_pre_ba","XC",58.8305693080159,0,58.8305693080159,0,19.2667304871943,3
177,1992-10-18,"a_pre_ba","CC",603.622156905432,547.470607297978,56.1515496074541,0,14.4563766849988,3
177,1992-10-18,"a_pre_ba","EC",78.1363930021972,0,78.1363930021972,0,15.1733333333333,3
177,1992-10-18,"a_pre_ba","XC",58.945547954679,0,58.945547954679,0,0,3
178,1992-12-21,"a_pre_ba","CC",401.663988956595,401.663988956595,0,0,0,3
178,1992-12-21,"a_pre_ba","EC",97.4888817833316,63.1206823160147,34.3681994673169,0,0,3
178,1992-12-21,"a_pre_ba","XC",132.755151493956,63.6974943602306,69.0576571337252,0,0,3
179,1993-01-23,"a_pre_ba","CC",445.236484279983,445.236484279983,0,0,0,3
179,1993-01-23,"a_pre_ba","EC",114.548927417587,63.6942642914171,50.8546631261704,0,0,3
179,1993-01-23,"a_pre_ba","XC",53.579311230565,0,53.579311230565,0,0,3
180,1993-02-19,"a_pre_ba","CC",339.32990230403,339.32990230403,0,0,0,3
180,1993-02-19,"a_pre_ba","EC",113.412433569384,34.0458675395383,79.3665660298459,0,0,3
180,1993-02-19,"a_pre_ba","XC",35.9132781374094,0,35.9132781374094,0,0,3
181,1993-03-17,"a_pre_ba","CC",842.373833352108,805.846489982679,36.5273433694292,0,36.5273433694292,3
181,1993-03-17,"a_pre_ba","EC",72.4610789749778,0,72.4610789749778,0,18.6061056529142,3
181,1993-03-17,"a_pre_ba","XC",32.7497153869958,0,32.7497153869958,0,0,3
182,1993-04-23,"a_pre_ba","CC",304.625672771588,205.617593497933,99.0080792736548,0,87.5520127845492,3
182,1993-04-23,"a_pre_ba","EC",140.393053412116,42.9166675728155,97.4763858393007,0,87.6210167442338,3
182,1993-04-23,"a_pre_ba","XC",68.8017972734064,0,68.8017972734064,0,33.062482337913,3
183,1993-05-22,"a_pre_ba","CC",340.889574429075,294.201243562826,46.6883308662496,0,18.6061056529142,3
183,1993-05-22,"a_pre_ba","EC",64.3381854819563,0,64.3381854819563,0,52.1095796578044,3
183,1993-05-22,"a_pre_ba","XC",21.8384103703259,0,21.8384103703259,0,21.8384103703259,3
184,1993-06-18,"a_pre_ba","CC",253.058779936884,224.146026566886,28.9127533699976,0,28.9127533699976,3
184,1993-06-18,"a_pre_ba","EC",145.990520461661,0,145.990520461661,0,136.968402482507,3
184,1993-06-18,"a_pre_ba","XC",125.454982563709,0,125.454982563709,0,46.0639077924749,3
185,1993-07-14,"a_pre_ba","CC",329.312246462627,271.142832858889,58.1694136037379,0,17.9375658507602,3
185,1993-07-14,"a_pre_ba","EC",102.618266419745,0,102.618266419745,0,102.618266419745,3
185,1993-07-14,"a_pre_ba","XC",73.3133107553583,0,73.3133107553583,0,31.7169895672337,3
186,1993-08-19,"a_pre_ba","CC",332.214228657192,289.517894099391,42.696334557801,0,16.574689086088,3
186,1993-08-19,"a_pre_ba","EC",82.3256724017776,0,82.3256724017776,0,61.847487933518,3
186,1993-08-19,"a_pre_ba","XC",63.9873151200153,0,63.9873151200153,0,0,3
187,1993-09-16,"a_pre_ba","CC",253.954641879499,236.770186522996,17.1844553565036,0,0,3
187,1993-09-16,"a_pre_ba","EC",34.2966320805429,0,34.2966320805429,0,12.9851964963704,3
187,1993-09-16,"a_pre_ba","XC",10.665740467777,0,10.665740467777,0,0,3
188,1993-10-15,"a_pre_ba","CC",316.24536431434,298.201128356032,18.044235958308,0,0,3
188,1993-10-15,"a_pre_ba","EC",30.3764786579108,0,30.3764786579108,0,9.85536909506691,3
188,1993-10-15,"a_pre_ba","XC",37.570250895965,26.1141844068594,11.4560664891056,0,0,3
189,1993-11-13,"a_pre_ba","CC",265.035877042023,265.035877042023,0,0,0,3
189,1993-11-13,"a_pre_ba","EC",69.9596847466456,35.6630526661026,34.2966320805429,0,0,3
189,1993-11-13,"a_pre_ba","XC",101.449579364077,30.1672696445635,71.2823097195138,0,0,3
190,1993-12-14,"a_pre_ba","CC",202.298704706264,193.27658672711,9.02211797915398,0,0,3
190,1993-12-14,"a_pre_ba","EC",58.0829105579087,0,58.0829105579087,0,0,3
190,1993-12-14,"a_pre_ba","XC",85.1435570485559,61.4588847352983,23.6846723132575,0,0,3
191,1994-02-01,"a_pre_ba","CC",300.865180719631,300.865180719631,0,0,0,3
191,1994-02-01,"a_pre_ba","EC",40.8708651592693,31.8487471801153,9.02211797915398,0,0,3
191,1994-02-01,"a_pre_ba","XC",64.7927396378078,64.7927396378078,0,0,0,3
192,1994-02-20,"a_pre_ba","CC",406.469767205528,395.804026737751,10.665740467777,0,0,3
192,1994-02-20,"a_pre_ba","EC",51.5594853702491,31.8487471801153,19.7107381901338,0,0,3
192,1994-02-20,"a_pre_ba","XC",118.77204865314,98.2938641848808,20.4781844682596,0,0,3
193,1994-03-11,"a_pre_ba","CC",437.746132275562,437.746132275562,0,0,0,3
193,1994-03-11,"a_pre_ba","EC",52.4391489644549,31.2916150907349,21.14753387372,0,0,3
193,1994-03-11,"a_pre_ba","XC",18.8280778451266,0,18.8280778451266,0,0,3
194,1994-04-10,"a_pre_ba","CC",494.80860232827,487.537429801947,7.27117252632258,0,0,3
194,1994-04-10,"a_pre_ba","EC",67.1943864004708,32.4026492006822,34.7917371997886,0,15.1733333333333,3
194,1994-04-10,"a_pre_ba","XC",27.240429553865,0,27.240429553865,0,16.574689086088,3
195,1994-05-18,"a_pre_ba","CC",280.48246434898,280.48246434898,0,0,0,3
195,1994-05-18,"a_pre_ba","EC",69.2533601932808,61.9821876669582,7.27117252632258,0,0,3
195,1994-05-18,"a_pre_ba","XC",46.4335527369483,0,46.4335527369483,0,14.4563766849988,3
196,1994-06-14,"a_pre_ba","CC",267.144098839485,259.872926313162,7.27117252632258,0,0,3
196,1994-06-14,"a_pre_ba","EC",49.7144684758871,0,49.7144684758871,0,49.7144684758871,3
196,1994-06-14,"a_pre_ba","XC",56.8244517030566,0,56.8244517030566,0,56.8244517030566,3
197,1994-07-08,"a_pre_ba","CC",213.907151789279,213.907151789279,0,0,0,3
197,1994-07-08,"a_pre_ba","EC",35.1981787329952,0,35.1981787329952,0,35.1981787329952,3
197,1994-07-08,"a_pre_ba","XC",36.5273433694292,0,36.5273433694292,0,36.5273433694292,3
198,1994-08-17,"a_pre_ba","CC",232.5372443073,223.515126328146,9.02211797915398,0,0,3
198,1994-08-17,"a_pre_ba","EC",82.3911605865058,31.8487471801153,50.5424134063905,0,31.6649263321696,3
198,1994-08-17,"a_pre_ba","XC",60.3616393336655,0,60.3616393336655,0,49.6958988658885,3
199,1994-09-06,"a_pre_ba","CC",263.841646601464,263.841646601464,0,0,0,3
199,1994-09-06,"a_pre_ba","EC",59.6670189563944,33.501124547073,26.1658944093214,0,16.3105253142545,3
199,1994-09-06,"a_pre_ba","XC",15.8791665075641,0,15.8791665075641,0,15.8791665075641,3
200,1994-10-12,"a_pre_ba","CC",300.1506845772,291.98834719985,8.16233737734962,0,0,3
200,1994-10-12,"a_pre_ba","EC",71.7268167473336,32.4026492006822,39.3241675466514,0,30.3020495674974,3
200,1994-10-12,"a_pre_ba","XC",25.0287024284002,0,25.0287024284002,0,15.1733333333333,3
201,1994-11-01,"a_pre_ba","CC",292.419836662535,284.257499285185,8.16233737734962,0,0,3
201,1994-11-01,"a_pre_ba","EC",80.2476668869558,31.2916150907349,48.956051796221,0,13.7273604814094,3
201,1994-11-01,"a_pre_ba","XC",48.2916786533218,0,48.2916786533218,0,17.260612882235,3
202,1994-12-04,"a_pre_ba","CC",260.754370884686,260.754370884686,0,0,0,3
202,1994-12-04,"a_pre_ba","EC",76.0730269881894,31.8487471801153,44.2242798080741,0,0,3
202,1994-12-04,"a_pre_ba","XC",99.0343941094527,65.8946147196536,33.1397793897991,0,0,3
203,1995-01-11,"a_pre_ba","CC",239.792054036531,239.792054036531,0,0,0,3
203,1995-01-11,"a_pre_ba","EC",77.9357912828969,60.7513359263933,17.1844553565036,0,0,3
203,1995-01-11,"a_pre_ba","XC",10.665740467777,0,10.665740467777,0,0,3
204,1995-02-04,"a_pre_ba","CC",212.301708888337,212.301708888337,0,0,0,3
204,1995-02-04,"a_pre_ba","EC",80.3872052206317,37.782120738569,42.6050844820627,0,0,3
204,1995-02-04,"a_pre_ba","XC",37.6254242976912,0,37.6254242976912,0,0,3
205,1995-03-04,"a_pre_ba","CC",315.191402630668,301.464042149259,13.7273604814094,0,0,3
205,1995-03-04,"a_pre_ba","EC",134.50740420439,72.3829031270582,62.1245010773321,0,15.1733333333333,3
205,1995-03-04,"a_pre_ba","XC",22.8943462919289,0,22.8943462919289,0,0,3
206,1995-04-01,"a_pre_ba","CC",545.370430654575,527.352724182158,18.0177064724165,0,0,3
206,1995-04-01,"a_pre_ba","EC",111.167769119125,68.6164653375539,42.5513037815711,0,0,3
206,1995-04-01,"a_pre_ba","XC",37.2122113058284,0,37.2122113058284,0,18.6061056529142,3
207,1995-04-29,"a_pre_ba","CC",469.555921457214,459.700552362147,9.85536909506691,0,0,3
207,1995-04-29,"a_pre_ba","EC",75.6961169672923,32.4026492006822,43.2934677666101,0,0,3
207,1995-04-29,"a_pre_ba","XC",62.3877233084695,0,62.3877233084695,0,0,3
208,1995-06-07,"a_pre_ba","CC",433.227844789238,416.65315570315,16.574689086088,0,16.574689086088,3
208,1995-06-07,"a_pre_ba","EC",20.5211095628439,0,20.5211095628439,0,0,3
208,1995-06-07,"a_pre_ba","XC",78.6731381981206,0,78.6731381981206,0,0,3
209,1995-06-27,"a_pre_ba","CC",467.4516571183,457.596288023233,9.85536909506691,0,0,3
209,1995-06-27,"a_pre_ba","EC",94.192916665178,0,94.192916665178,0,68.1631709927206,3
209,1995-06-27,"a_pre_ba","XC",73.5182595227316,0,73.5182595227316,0,15.1733333333333,3
210,1995-07-20,"a_pre_ba","CC",681.75952368483,652.365891344965,29.3936323398659,0,17.9375658507602,3
210,1995-07-20,"a_pre_ba","EC",120.169725718901,0,120.169725718901,0,101.341647873775,3
210,1995-07-20,"a_pre_ba","XC",59.110675300503,0,59.110675300503,0,15.8791665075641,3
211,1995-08-26,"a_pre_ba","CC",554.401399318575,488.51190454178,65.8894947767949,0,45.368385213951,3
211,1995-08-26,"a_pre_ba","EC",183.785115532652,37.2561448871574,146.528970645495,0,99.8506969760876,3
211,1995-08-26,"a_pre_ba","XC",73.9011664719065,0,73.9011664719065,0,49.4599034864305,3
212,1995-09-23,"a_pre_ba","CC",666.896804900797,563.619046992016,103.27775790878,0,50.1656972145911,3
212,1995-09-23,"a_pre_ba","EC",239.248754066168,37.2561448871574,201.992609179011,0,77.1858624133207,3
212,1995-09-23,"a_pre_ba","XC",88.0340492266412,0,88.0340492266412,0,32.4339462155683,3
213,1995-10-28,"a_pre_ba","CC",653.559316561768,516.699874118574,136.859442443194,0,31.0524998408975,3
213,1995-10-28,"a_pre_ba","EC",245.968276089995,36.1966721125524,209.771603977443,23.7022464829714,61.3777324377535,3
213,1995-10-28,"a_pre_ba","XC",137.075472404693,36.1966721125524,100.878800292141,0,38.0391062614751,3
214,1995-12-02,"a_pre_ba","CC",641.990999264894,545.299561227645,96.691438037249,0,19.9198878359857,3
214,1995-12-02,"a_pre_ba","EC",176.70259253078,0,176.70259253078,0,43.2596715952387,3
214,1995-12-02,"a_pre_ba","XC",114.336617517016,36.1966721125524,78.1399454044637,0,0,3
215,1995-12-21,"a_pre_ba","CC",414.703435477721,355.637025745107,59.0664097326143,0,0,3
215,1995-12-21,"a_pre_ba","EC",73.6868200069522,35.1480039716918,38.5388160352604,0,0,3
215,1995-12-21,"a_pre_ba","XC",56.467654172126,0,56.467654172126,0,0,3
216,1996-01-27,"a_pre_ba","CC",650.48525625614,616.134843475105,34.3504127810345,0,0,3
216,1996-01-27,"a_pre_ba","EC",191.935954443158,110.547602029239,81.3883524139194,0,15.8791665075641,3
216,1996-01-27,"a_pre_ba","XC",253.935836730486,164.553190486179,89.3826462443067,0,14.4563766849988,3
217,1996-02-24,"b_pre_cpt","CC",593.896278060576,503.016231212037,90.880046848539,0,20.5659816021601,3
217,1996-02-24,"b_pre_cpt","EC",203.850396589351,36.7276819904932,167.122714598858,0,36.5436715036745,3
217,1996-02-24,"b_pre_cpt","XC",137.863343043283,38.3056669887733,99.5576760545094,0,0,3
218,1996-03-23,"b_pre_cpt","CC",493.691544540833,406.992874175271,86.6986703655617,0,51.7205860808464,3
218,1996-03-23,"b_pre_cpt","EC",175.503345564699,29.5998470494207,145.903498515278,0,41.1252658226087,3
218,1996-03-23,"b_pre_cpt","XC",254.479708576952,35.1267582399009,219.352950337052,0,106.201823435281,3
219,1996-04-14,"b_pre_cpt","CC",870.262244938469,733.39036365091,136.87188128756,0,19.2667304871943,3
219,1996-04-14,"b_pre_cpt","EC",554.265091036933,303.724020117169,250.541070919764,0,55.7950195375062,3
219,1996-04-14,"b_pre_cpt","XC",243.143345750983,70.8110566377945,172.332289113189,0,18.6061056529142,3
220,1996-05-23,"b_pre_cpt","CC",352.49619062536,352.49619062536,0,0,0,3
220,1996-05-23,"b_pre_cpt","EC",298.16941885872,157.680853796072,140.488565062648,0,55.1497771565887,3
220,1996-05-23,"b_pre_cpt","XC",152.588389262566,35.1267582399009,117.461631022665,0,49.4797734184441,3
221,1996-06-13,"b_pre_cpt","CC",642.333450667113,551.152083383111,91.1813672840018,0,33.062482337913,3
221,1996-06-13,"b_pre_cpt","EC",349.862110499323,214.530437397802,135.331673101521,0,58.404339208309,3
221,1996-06-13,"b_pre_cpt","XC",101.05296704405,0,101.05296704405,0,91.1975979489829,3
222,1996-07-20,"b_pre_cpt","CC",373.670643542573,312.59325406662,61.0773894759525,0,32.393942535759,3
222,1996-07-20,"b_pre_cpt","EC",209.149931482118,144.655652059259,64.4942794228586,0,30.9879733636444,3
222,1996-07-20,"b_pre_cpt","XC",127.822634675881,0,127.822634675881,0,111.529344170404,3
223,1996-08-14,"b_pre_cpt","CC",359.303908551368,275.923796054792,83.3801124965761,0,72.7143720287992,3
223,1996-08-14,"b_pre_cpt","EC",255.692875546578,30.7311564947901,224.961719051787,0,146.250375966827,3
223,1996-08-14,"b_pre_cpt","XC",50.4980915519601,0,50.4980915519601,0,32.4538555936522,3
224,1996-09-21,"b_pre_cpt","CC",637.077915339852,534.212700449012,102.86521489084,0,61.2946363505018,3
224,1996-09-21,"b_pre_cpt","EC",239.772993322888,32.9534126714513,206.819580651437,23.7022464829714,108.244872308962,3
224,1996-09-21,"b_pre_cpt","XC",79.6166098903826,0,79.6166098903826,0,33.7794389862475,3
225,1996-10-12,"b_pre_cpt","CC",519.797640319199,453.88594824165,65.9116920775484,0,32.4339462155683,3
225,1996-10-12,"b_pre_cpt","EC",182.380872408248,31.8487471801153,150.532125228132,0,62.0835656119843,3
225,1996-10-12,"b_pre_cpt","XC",90.9931982705014,0,90.9931982705014,0,17.9375658507602,3
226,1996-11-16,"b_pre_cpt","CC",497.382339858442,440.659592799498,56.7227470589446,0,0,3
226,1996-11-16,"b_pre_cpt","EC",103.00829080205,31.8487471801153,71.1595436219348,23.7022464829714,0,3
226,1996-11-16,"b_pre_cpt","XC",39.8114836395372,0,39.8114836395372,0,0,3
227,1996-12-18,"b_pre_cpt","CC",508.846635124389,485.760058684963,23.0865764394253,0,0,3
227,1996-12-18,"b_pre_cpt","EC",77.7763697498021,0,77.7763697498021,0,0,3
227,1996-12-18,"b_pre_cpt","XC",99.3687204843985,0,99.3687204843985,0,0,3
228,1997-02-08,"b_pre_cpt","CC",1111.31780871599,1012.35782735219,98.9599813637991,0,0,3
228,1997-02-08,"b_pre_cpt","EC",406.23609464494,232.482528973356,173.753565671584,54.5806616597276,0,3
228,1997-02-08,"b_pre_cpt","XC",314.712873106918,101.501172649343,213.211700457575,0,0,3
229,1997-03-15,"b_pre_cpt","CC",1316.84845545108,1172.8990691351,143.949386315973,0,12.2286058241519,3
229,1997-03-15,"b_pre_cpt","EC",374.102887545352,32.4026492006822,341.70023834467,63.3703292940168,81.8752800920002,3
229,1997-03-15,"b_pre_cpt","XC",185.589035768007,34.5877204108605,151.001315357147,0,0,3
230,1997-04-12,"b_pre_cpt","CC",1052.5165874864,837.657753278149,214.858834208252,0,99.2486344345526,3
230,1997-04-12,"b_pre_cpt","EC",502.147754553603,73.4324252286742,428.715329324929,50.8671853658328,209.029607687379,3
230,1997-04-12,"b_pre_cpt","XC",206.562710451427,0,206.562710451427,0,52.9823701738987,3
231,1997-05-10,"b_pre_cpt","CC",1029.02440639281,840.895944143148,188.128462249667,19.2667304871943,104.731463722842,3
231,1997-05-10,"b_pre_cpt","EC",625.468406256799,69.1641772131756,556.304229043624,148.423724814038,241.223226111414,3
231,1997-05-10,"b_pre_cpt","XC",287.413837701861,0,287.413837701861,24.9179483938119,17.9375658507602,3
232,1997-06-09,"b_pre_cpt","CC",922.766301609034,737.105947431563,185.660354177471,21.205377986623,115.916399582962,3
232,1997-06-09,"b_pre_cpt","EC",723.752383774512,91.2433795652831,632.509004209228,284.415071520671,151.072225980735,3
232,1997-06-09,"b_pre_cpt","XC",247.249690491949,0,247.249690491949,44.8786122661058,49.098072738914,3
233,1997-07-09,"b_pre_cpt","CC",854.218473014375,629.197064457893,225.021408556482,48.0148771469171,99.2543683248733,3
233,1997-07-09,"b_pre_cpt","EC",583.384250954158,96.414388592496,486.969862361662,272.003481073992,132.037832728559,3
233,1997-07-09,"b_pre_cpt","XC",374.391978409757,0,374.391978409757,53.393596487772,133.992930122384,3
234,1997-07-29,"b_pre_cpt","CC",679.399155691558,583.1536174896,96.2455382019582,26.7054683868551,61.3777324377535,3
234,1997-07-29,"b_pre_cpt","EC",536.979441961442,101.419509652103,435.55993230934,261.037522598664,48.167424301937,3
234,1997-07-29,"b_pre_cpt","XC",266.854478243086,0,266.854478243086,28.4539330115187,123.514496283884,3
235,1997-09-27,"b_pre_cpt","CC",667.965376959922,551.406790804128,116.558586155794,26.1141844068594,0,3
235,1997-09-27,"b_pre_cpt","EC",384.212729013972,71.859724778655,312.353004235317,196.243547739812,0,3
235,1997-09-27,"b_pre_cpt","XC",292.532606812737,0,292.532606812737,58.6212026560822,33.7794389862475,3
236,1997-10-25,"b_pre_cpt","CC",701.809686282011,656.594824420349,45.2148618616624,0,0,3
236,1997-10-25,"b_pre_cpt","EC",249.826700826603,71.854440230394,177.972260596209,148.790779534063,0,3
236,1997-10-25,"b_pre_cpt","XC",293.912885464637,0,293.912885464637,0,0,3
237,1997-11-22,"b_pre_cpt","CC",624.147577960582,624.147577960582,0,0,0,3
237,1997-11-22,"b_pre_cpt","EC",251.211821362111,35.1267582399009,216.08506312221,146.973441329547,0,3
237,1997-11-22,"b_pre_cpt","XC",256.493282892539,0,256.493282892539,0,0,3
238,1997-12-28,"b_pre_cpt","CC",575.805447901979,575.805447901979,0,0,0,3
238,1997-12-28,"b_pre_cpt","EC",214.677808097631,37.2561448871574,177.421663210473,95.3882795819412,0,3
238,1997-12-28,"b_pre_cpt","XC",147.757166133671,0,147.757166133671,0,0,3
239,1998-01-31,"b_pre_cpt","CC",678.526819021771,678.526819021771,0,0,0,3
239,1998-01-31,"b_pre_cpt","EC",165.233431022824,0,165.233431022824,77.0759541191573,0,3
239,1998-01-31,"b_pre_cpt","XC",94.1443132170053,0,94.1443132170053,0,0,3
240,1998-03-01,"b_pre_cpt","CC",886.816385504663,886.816385504663,0,0,0,3
240,1998-03-01,"b_pre_cpt","EC",169.885943675769,0,169.885943675769,160.030574580702,0,3
240,1998-03-01,"b_pre_cpt","XC",104.964944543268,0,104.964944543268,0,0,3
242,1998-05-02,"b_pre_cpt","CC",612.817507685477,581.829534321832,30.9879733636444,0,30.9879733636444,3
242,1998-05-02,"b_pre_cpt","EC",313.268474472237,140.445733592529,172.822740879707,108.018035157739,51.0773452405593,3
242,1998-05-02,"b_pre_cpt","XC",144.337576439696,0,144.337576439696,0,53.7366201943101,3
243,1998-05-28,"b_pre_cpt","CC",1007.75090328572,899.3929286332,108.357974652524,0,66.2506785738927,3
243,1998-05-28,"b_pre_cpt","EC",213.345847858451,0,213.345847858451,162.93585680404,50.409991054411,3
243,1998-05-28,"b_pre_cpt","XC",77.58344997008,0,77.58344997008,0,55.1180665689809,3
244,1998-06-27,"b_pre_cpt","CC",573.287595181413,473.440967821939,99.8466273594742,0,88.3905608703686,3
244,1998-06-27,"b_pre_cpt","EC",315.701058011756,0,315.701058011756,247.34382736263,28.7166793713406,3
244,1998-06-27,"b_pre_cpt","XC",152.994058225012,34.0458675395383,118.948190685474,0,52.1933513502674,3
245,1998-07-18,"b_pre_cpt","CC",487.764235338263,396.845229724713,90.9190056135503,34.4400638205276,56.4789417930227,3
245,1998-07-18,"b_pre_cpt","EC",288.149277163289,0,288.149277163289,174.562807854395,97.0117802228056,3
245,1998-07-18,"b_pre_cpt","XC",111.06989731079,0,111.06989731079,0,36.0717729357957,3
246,1998-08-22,"b_pre_cpt","CC",426.408079599685,323.717919799076,102.690159800609,0,77.2672095410245,3
246,1998-08-22,"b_pre_cpt","EC",462.115793923217,0,462.115793923217,325.725976031533,103.240439719508,3
246,1998-08-22,"b_pre_cpt","XC",193.30052109196,0,193.30052109196,86.6177897370163,31.7169895672337,3
247,1998-09-19,"b_pre_cpt","CC",613.951805644968,506.087397769309,107.864407875658,24.9179483938119,82.9464594818464,3
247,1998-09-19,"b_pre_cpt","EC",345.762331994439,31.8487471801153,313.913584814323,221.204914252107,74.7711047114556,3
247,1998-09-19,"b_pre_cpt","XC",183.458949154967,23.7022464829714,159.756702671996,21.205377986623,0,3
248,1998-10-24,"b_pre_cpt","CC",440.029846650158,398.281050029913,41.748796620245,27.2924199352462,14.4563766849988,3
248,1998-10-24,"b_pre_cpt","EC",298.152426470763,30.1672696445635,267.985156826199,178.322068873015,17.260612882235,3
248,1998-10-24,"b_pre_cpt","XC",131.782298864878,0,131.782298864878,44.9076244695944,0,3
249,1998-11-21,"b_pre_cpt","CC",478.311839775654,478.311839775654,0,0,0,3
249,1998-11-21,"b_pre_cpt","EC",253.15107187071,72.8933873996338,180.257684471076,180.257684471076,0,3
249,1998-11-21,"b_pre_cpt","XC",88.0117872440952,0,88.0117872440952,0,0,3
250,1998-12-22,"b_pre_cpt","CC",589.635340457246,589.635340457246,0,0,0,3
250,1998-12-22,"b_pre_cpt","EC",200.756961185546,64.7266052893216,136.030355896225,125.364615428448,0,3
250,1998-12-22,"b_pre_cpt","XC",79.1210425555217,32.9534126714513,46.1676298840704,0,0,3
251,1999-01-16,"b_pre_cpt","CC",516.178262614972,516.178262614972,0,0,0,3
251,1999-01-16,"b_pre_cpt","EC",287.164797311697,98.2605639353732,188.904233376324,130.522151502323,0,3
251,1999-01-16,"b_pre_cpt","XC",208.267499331538,173.245141044379,35.0223582871589,0,14.4563766849988,3
253,1999-03-14,"b_pre_cpt","CC",519.343283468262,519.343283468262,0,0,0,3
253,1999-03-14,"b_pre_cpt","EC",271.034682770273,100.972709752679,170.061973017593,159.396232549816,0,3
253,1999-03-14,"b_pre_cpt","XC",197.968561232593,141.47172732331,56.4968339092833,0,0,3
254,1999-04-17,"b_pre_cpt","CC",553.176418584276,537.297252076712,15.8791665075641,0,15.8791665075641,3
254,1999-04-17,"b_pre_cpt","EC",277.961395927435,68.0801709113521,209.881225016083,160.440407886102,12.2286058241519,3
254,1999-04-17,"b_pre_cpt","XC",200.195976634373,105.304947199763,94.8910294346099,0,15.8791665075641,3
255,1999-05-15,"b_pre_cpt","CC",398.665957745329,381.405344863094,17.260612882235,0,17.260612882235,3
255,1999-05-15,"b_pre_cpt","EC",185.960989068118,0,185.960989068118,157.096626064183,28.8643630039345,3
255,1999-05-15,"b_pre_cpt","XC",188.603832725758,128.403997227524,60.1998354982345,0,0,3
256,1999-06-12,"b_pre_cpt","CC",324.634274505508,280.067308832309,44.5669656731992,0,44.5669656731992,3
256,1999-06-12,"b_pre_cpt","EC",218.598547741574,0,218.598547741574,202.023858655486,0,3
256,1999-06-12,"b_pre_cpt","XC",153.656506169028,39.8622682019812,113.794237967046,0,40.9452851954925,3
257,1999-09-11,"b_pre_cpt","CC",90.3074070001897,72.3698411494295,17.9375658507602,0,17.9375658507602,3
257,1999-09-11,"b_pre_cpt","EC",76.458457844756,0,76.458457844756,53.3718814053306,23.0865764394253,3
257,1999-09-11,"b_pre_cpt","XC",0,0,0,0,0,3
258,1999-10-09,"b_pre_cpt","CC",341.383847190486,274.611750302199,66.7720968882868,0,66.7720968882868,3
258,1999-10-09,"b_pre_cpt","EC",265.158323560846,0,265.158323560846,251.430963079436,13.7273604814094,3
258,1999-10-09,"b_pre_cpt","XC",69.4822845454522,0,69.4822845454522,0,0,3
259,1999-11-06,"b_pre_cpt","CC",622.777511805754,516.227837808632,106.549673997122,0,106.549673997122,3
259,1999-11-06,"b_pre_cpt","EC",291.520319530761,0,291.520319530761,248.945047039943,42.5752724908186,3
259,1999-11-06,"b_pre_cpt","XC",16.574689086088,0,16.574689086088,0,16.574689086088,3
260,1999-12-05,"b_pre_cpt","CC",274.482628414763,174.127872418088,100.354755996675,0,100.354755996675,3
260,1999-12-05,"b_pre_cpt","EC",268.835635926162,0,268.835635926162,226.20758163001,42.6280542961521,3
260,1999-12-05,"b_pre_cpt","XC",0,0,0,0,0,3
261,2000-01-08,"b_pre_cpt","CC",449.229332756602,336.176477848087,113.052854908514,24.9179483938119,88.1349065147025,3
261,2000-01-08,"b_pre_cpt","EC",325.893466898387,0,325.893466898387,261.868218533534,64.0252483648529,3
261,2000-01-08,"b_pre_cpt","XC",47.5064222608403,0,47.5064222608403,0,17.260612882235,3
262,2000-02-05,"b_pre_cpt","CC",385.037282432917,201.20732308348,183.829959349437,80.0609077961782,103.769051553259,3
262,2000-02-05,"b_pre_cpt","EC",262.065593733856,0,262.065593733856,197.950611555046,64.1149821788105,3
262,2000-02-05,"b_pre_cpt","XC",72.4847440611665,0,72.4847440611665,72.4847440611665,0,3
264,2000-04-29,"b_pre_cpt","CC",568.104246075708,446.228250508412,121.875995567297,39.18661832318,82.689377244117,3
264,2000-04-29,"b_pre_cpt","EC",447.488902673875,0,447.488902673875,289.884147591214,157.604755082661,3
264,2000-04-29,"b_pre_cpt","XC",59.4032205542902,0,59.4032205542902,0,15.8791665075641,3
265,2000-06-03,"b_pre_cpt","CC",577.514498759136,369.132526125821,208.381972633315,47.3195623934824,161.062410239832,3
265,2000-06-03,"b_pre_cpt","EC",369.082814307857,0,369.082814307857,264.554285099001,104.528529208856,3
265,2000-06-03,"b_pre_cpt","XC",118.856765545999,0,118.856765545999,25.4427167771346,64.8107424503276,3
266,2000-07-01,"b_pre_cpt","CC",668.796709189946,327.241718316328,341.554990873618,64.6177318597797,276.937259013838,3
266,2000-07-01,"b_pre_cpt","EC",492.439601180119,0,492.439601180119,388.571002545083,103.868598635036,3
266,2000-07-01,"b_pre_cpt","XC",75.1938066394125,33.501124547073,41.6926820923396,23.0865764394253,18.6061056529142,3
268,2000-08-25,"b_pre_cpt","CC",563.443186906372,367.093949590738,196.349237315634,96.0085931228024,100.340644192831,3
268,2000-08-25,"b_pre_cpt","EC",481.601565482819,0,481.601565482819,357.917543375243,85.1731363749809,3
268,2000-08-25,"b_pre_cpt","XC",91.2117135697634,40.3766255648083,50.8350880049551,0,50.8350880049551,3
269,2000-09-30,"b_pre_cpt","CC",526.449158868071,383.020197470866,143.428961397205,143.428961397205,0,3
269,2000-09-30,"b_pre_cpt","EC",272.929462517376,0,272.929462517376,219.17412562243,28.1585298297037,3
269,2000-09-30,"b_pre_cpt","XC",66.5812339693021,32.1411701487745,34.4400638205276,0,15.1733333333333,3
270,2000-11-25,"b_pre_cpt","CC",412.363150333968,376.291377398173,36.0717729357957,23.0865764394253,12.9851964963704,3
270,2000-11-25,"b_pre_cpt","EC",217.961046553441,35.6630526661026,182.297993887338,170.069388063186,12.2286058241519,3
270,2000-11-25,"b_pre_cpt","XC",54.4423801196475,0,54.4423801196475,0,0,3
271,2000-12-22,"b_pre_cpt","CC",364.122014463015,364.122014463015,0,0,0,3
271,2000-12-22,"b_pre_cpt","EC",217.39675405042,0,217.39675405042,205.168148226268,12.2286058241519,3
271,2000-12-22,"b_pre_cpt","XC",19.9198878359857,0,19.9198878359857,0,0,3
274,2001-03-24,"b_pre_cpt","CC",616.423263989669,504.000399157578,112.422864832091,28.4539330115187,83.9689318205724,3
274,2001-03-24,"b_pre_cpt","EC",104.617402764805,0,104.617402764805,62.0024962501029,28.1585298297037,3
274,2001-03-24,"b_pre_cpt","XC",0,0,0,0,0,3
275,2001-04-21,"b_pre_cpt","CC",598.949932733728,531.357392025718,67.5925407080098,0,34.5122549368483,3
275,2001-04-21,"b_pre_cpt","EC",206.894133184002,0,206.894133184002,149.769949010061,57.1241841739402,3
275,2001-04-21,"b_pre_cpt","XC",83.2604494863844,48.8203856658569,34.4400638205276,0,15.1733333333333,3
276,2001-05-26,"b_pre_cpt","CC",796.288018558078,712.094153317896,84.193865240182,23.7022464829714,60.4916187572107,3
276,2001-05-26,"b_pre_cpt","EC",195.637285421288,0,195.637285421288,175.717397585302,0,3
276,2001-05-26,"b_pre_cpt","XC",81.9112180063061,36.1966721125524,45.7145458937537,28.4539330115187,0,3
279,2001-08-25,"b_pre_cpt","CC",926.636837360219,572.890409408022,353.746427952197,215.241534062893,106.756871469883,3
279,2001-08-25,"b_pre_cpt","EC",588.592274390888,0,588.592274390888,481.235909931474,95.9002979703087,3
279,2001-08-25,"b_pre_cpt","XC",93.5296052319164,0,93.5296052319164,25.5184032148994,68.011202017017,3
280,2001-09-22,"b_pre_cpt","CC",776.870586526856,503.915062324704,272.955524202152,195.062616518477,77.8929076836747,3
280,2001-09-22,"b_pre_cpt","EC",669.403418945788,0,669.403418945788,609.461348764252,59.9420701815365,3
280,2001-09-22,"b_pre_cpt","XC",113.100312014763,0,113.100312014763,0,90.6558061551075,3
281,2001-10-13,"b_pre_cpt","CC",689.741074929315,484.739451104062,205.001623825253,155.316035555071,49.6855882701816,3
281,2001-10-13,"b_pre_cpt","EC",605.28206501529,0,605.28206501529,551.480086713829,31.0524998408975,3
281,2001-10-13,"b_pre_cpt","XC",0,0,0,0,0,3
282,2001-11-17,"b_pre_cpt","CC",662.898858615015,493.565696083893,169.333162531123,153.453996023559,15.8791665075641,3
282,2001-11-17,"b_pre_cpt","EC",606.527327763155,0,606.527327763155,588.589761912394,0,3
282,2001-11-17,"b_pre_cpt","XC",124.127325206445,0,124.127325206445,30.7311564947901,33.8167323583244,3
285,2002-02-09,"b_pre_cpt","CC",581.271437396187,506.428454955273,74.8429824409143,58.9638159333502,15.8791665075641,3
285,2002-02-09,"b_pre_cpt","EC",591.078829535736,76.0829836239446,514.995845911791,480.14852602529,14.4563766849988,3
285,2002-02-09,"b_pre_cpt","XC",220.980401358176,183.332097317282,37.6483040408941,0,0,3
286,2002-03-13,"b_pre_cpt","CC",867.836758686264,765.934466273559,101.902292412705,52.1878239368183,49.7144684758871,3
286,2002-03-13,"b_pre_cpt","EC",521.513240130878,112.780774423657,408.73246570722,389.114061840765,0,3
286,2002-03-13,"b_pre_cpt","XC",0,0,0,0,0,3
287,2002-04-16,"b_pre_cpt","CC",784.05274267017,638.890699815152,145.162042855019,58.9638159333502,86.1982269216684,3
287,2002-04-16,"b_pre_cpt","EC",629.477285742645,103.901379410602,525.575906332043,451.667892246573,48.9900656916577,3
287,2002-04-16,"b_pre_cpt","XC",0,0,0,0,0,3
288,2002-05-15,"b_pre_cpt","CC",861.534041008829,666.290589214855,195.243451793974,85.1637810005093,68.3475569051712,3
288,2002-05-15,"b_pre_cpt","EC",872.941587697916,150.145946382549,722.795641315367,633.168506966174,89.6271343491931,3
288,2002-05-15,"b_pre_cpt","XC",101.649003023892,0,101.649003023892,0,32.4339462155683,3
289,2002-06-15,"b_pre_cpt","CC",822.31354270279,558.043014630678,264.270528072112,145.870144414014,118.400383658098,3
289,2002-06-15,"b_pre_cpt","EC",858.923719083322,124.357140747867,734.566578335454,644.11300231318,73.1929631400399,3
289,2002-06-15,"b_pre_cpt","XC",104.468836849069,0,104.468836849069,0,74.1332936565061,3
290,2002-07-13,"b_pre_cpt","CC",819.308615273716,468.34413295688,350.964482316836,140.824117011192,210.140365305643,3
290,2002-07-13,"b_pre_cpt","EC",931.847191895282,65.7965191619731,866.050672733309,724.213916069315,141.836756663994,3
290,2002-07-13,"b_pre_cpt","XC",121.726911110627,0,121.726911110627,15.1733333333333,77.1858624133207,3
291,2002-09-08,"b_pre_cpt","CC",370.62737132531,289.207100445734,81.4202708795762,49.2305790577576,32.1896918218186,3
291,2002-09-08,"b_pre_cpt","EC",346.814409172314,42.9166675728155,303.897741599499,252.143443390414,51.7542982090846,3
291,2002-09-08,"b_pre_cpt","XC",33.835301968323,0,33.835301968323,0,33.835301968323,3
292,2002-10-05,"b_pre_cpt","CC",774.781688712302,520.36130753366,254.420381178642,130.968681911281,123.451699267361,3
292,2002-10-05,"b_pre_cpt","EC",939.458264069339,118.393195925075,821.065068144264,756.217270014853,64.8477981294112,3
292,2002-10-05,"b_pre_cpt","XC",105.290575160115,0,105.290575160115,0,46.8671398712085,3
293,2002-11-09,"b_pre_cpt","CC",822.332384626042,505.499630616891,316.832754009151,232.120163739112,76.55025289269,3
293,2002-11-09,"b_pre_cpt","EC",998.70442548206,157.66429529921,841.040130182849,775.592183620593,29.6065269889735,3
293,2002-11-09,"b_pre_cpt","XC",128.597094763316,0,128.597094763316,44.8786122661058,0,3
294,2002-12-07,"b_pre_cpt","CC",756.815259713399,510.038622786107,246.776636927292,199.149448000306,47.6271889269855,3
294,2002-12-07,"b_pre_cpt","EC",747.917941253067,139.216496692212,608.701444560856,601.430272034533,0,3
294,2002-12-07,"b_pre_cpt","XC",62.7786215328037,0,62.7786215328037,24.3126306639457,17.260612882235,3
295,2002-12-29,"b_pre_cpt","CC",692.570645747883,491.264512564277,201.306133183606,184.731444097518,16.574689086088,3
295,2002-12-29,"b_pre_cpt","EC",474.893588022148,57.3671503950147,417.526437627133,408.504319647979,0,3
295,2002-12-29,"b_pre_cpt","XC",36.1966721125524,36.1966721125524,0,0,0,3
296,2003-02-01,"b_pre_cpt","CC",1204.93765513473,838.93939632793,365.998258806804,271.305648896736,51.0400518684825,3
296,2003-02-01,"b_pre_cpt","EC",881.248090667382,123.362043508621,757.886047158761,704.722443691586,15.8791665075641,3
296,2003-02-01,"b_pre_cpt","XC",115.256242810619,33.501124547073,81.7551182635458,0,0,3
297,2003-03-06,"b_pre_cpt","CC",1351.10992437988,922.321726310921,428.78819806896,316.958549986024,102.807530103783,3
297,2003-03-06,"b_pre_cpt","EC",1065.40392860801,277.835146686322,787.568781921687,676.88566886598,30.3466666666667,3
297,2003-03-06,"b_pre_cpt","XC",234.004392946715,130.029310291883,103.975082654832,23.7022464829714,0,3
298,2003-03-29,"b_pre_cpt","CC",1044.60249033468,677.954728039458,366.64776229522,157.617890628525,186.564488265596,3
298,2003-03-29,"b_pre_cpt","EC",887.97703318664,74.6215628955892,813.355470291051,687.144933527646,96.4598301329688,3
298,2003-03-29,"b_pre_cpt","XC",143.078970042059,0,143.078970042059,0,0,3
299,2003-05-03,"b_pre_cpt","CC",905.587161093887,559.084580969512,346.502580124375,187.404781114499,159.097799009875,3
299,2003-05-03,"b_pre_cpt","EC",1126.19154624462,31.8487471801153,1094.34279906451,906.455107944195,104.762705478471,3
299,2003-05-03,"b_pre_cpt","XC",92.2869439637416,0,92.2869439637416,0,0,3
300,2003-05-28,"b_pre_cpt","CC",980.866316473002,594.942104989607,385.924211483395,192.601333622117,184.300759882125,3
300,2003-05-28,"b_pre_cpt","EC",935.159516858185,61.3763178199455,873.78319903824,754.16215034604,87.2632600023627,3
300,2003-05-28,"b_pre_cpt","XC",66.3787407257929,0,66.3787407257929,27.8751932728726,0,3
301,2003-06-28,"b_pre_cpt","CC",1002.56434692936,536.169647479413,466.394699449951,230.740036431547,235.654663018405,3
301,2003-06-28,"b_pre_cpt","EC",920.857501314341,30.1672696445635,890.690231669777,681.837991114028,181.785886618287,3
301,2003-06-28,"b_pre_cpt","XC",123.131986176078,0,123.131986176078,0,22.7494784605634,3
302,2003-07-28,"b_pre_cpt","CC",825.6060206359,427.221630423028,398.384390212872,183.5284573733,205.833814860417,3
302,2003-07-28,"b_pre_cpt","EC",775.741819395445,29.5998470494207,746.141972346025,576.152669521889,161.826965446786,3
302,2003-07-28,"b_pre_cpt","XC",100.838755376777,0,100.838755376777,0,22.1218069568826,3
303,2003-08-23,"b_pre_cpt","CC",895.584853254025,482.394035934223,413.190817319802,193.100946458388,211.06775288226,3
303,2003-08-23,"b_pre_cpt","EC",809.977026590055,89.5049497700611,720.472076819994,578.619066385314,131.187269966903,3
303,2003-08-23,"b_pre_cpt","XC",104.827450458896,0,104.827450458896,0,33.1108991840936,3
304,2003-09-27,"b_pre_cpt","CC",706.387602918484,492.221670687123,214.165932231362,157.107154348486,29.6297100183321,3
304,2003-09-27,"b_pre_cpt","EC",598.544521095472,32.9534126714513,565.59110842402,496.333469367412,52.6829499705205,3
304,2003-09-27,"b_pre_cpt","XC",88.2951838306519,0,88.2951838306519,22.465383401099,12.9851964963704,3
305,2003-10-25,"b_pre_cpt","CC",621.441782145791,439.615732673509,181.826049472281,105.565277261207,13.7273604814094,3
305,2003-10-25,"b_pre_cpt","EC",351.066973341783,0,351.066973341783,311.227197669812,0,3
305,2003-10-25,"b_pre_cpt","XC",21.3314809355539,0,21.3314809355539,0,0,3
306,2003-11-22,"b_pre_cpt","CC",523.210451990175,385.242466983364,137.967985006811,120.030419156051,0,3
306,2003-11-22,"b_pre_cpt","EC",331.460888724485,0,331.460888724485,303.302358894781,0,3
306,2003-11-22,"b_pre_cpt","XC",88.7805247599109,0,88.7805247599109,24.9179483938119,0,3
307,2003-12-20,"b_pre_cpt","CC",533.889629761939,453.853431103807,80.036198658132,80.036198658132,0,3
307,2003-12-20,"b_pre_cpt","EC",342.305127592461,0,342.305127592461,309.851271998808,0,3
307,2003-12-20,"b_pre_cpt","XC",28.107772331716,0,28.107772331716,0,0,3
308,2004-01-24,"b_pre_cpt","CC",472.049208224286,447.73657756034,24.3126306639457,24.3126306639457,0,3
308,2004-01-24,"b_pre_cpt","EC",296.95799185735,0,296.95799185735,269.165056911523,0,3
308,2004-01-24,"b_pre_cpt","XC",47.060038664433,28.4539330115187,18.6061056529142,0,0,3
309,2004-02-21,"b_pre_cpt","CC",677.468103354582,636.180585614389,41.2875177401928,26.1141844068594,15.1733333333333,3
309,2004-02-21,"b_pre_cpt","EC",285.36043464046,0,285.36043464046,266.754328987546,0,3
309,2004-02-21,"b_pre_cpt","XC",0,0,0,0,0,3
310,2004-03-17,"b_pre_cpt","CC",353.158316652961,311.065224351973,42.0930923009874,25.5184032148994,16.574689086088,3
310,2004-03-17,"b_pre_cpt","EC",276.833861707981,0,276.833861707981,262.377485022982,14.4563766849988,3
310,2004-03-17,"b_pre_cpt","XC",35.7990543435499,0,35.7990543435499,0,0,3
312,2004-05-17,"b_pre_cpt","CC",845.973977632979,696.91773220228,149.0562454307,32.4026492006822,116.653596230018,3
312,2004-05-17,"b_pre_cpt","EC",268.427263102131,0,268.427263102131,206.4082239674,62.0190391347312,3
312,2004-05-17,"b_pre_cpt","XC",0,0,0,0,0,3
315,2004-08-19,"b_pre_cpt","CC",434.561251012584,275.385787349825,159.175463662759,24.9179483938119,134.257515268947,3
315,2004-08-19,"b_pre_cpt","EC",302.549001303288,0,302.549001303288,222.527869840544,80.0211314627445,3
315,2004-08-19,"b_pre_cpt","XC",56.6762814089402,0,56.6762814089402,24.9179483938119,15.8791665075641,3
316,2004-09-11,"b_pre_cpt","CC",383.856307278234,171.837773698813,212.018533579421,27.2924199352462,184.726113644175,3
316,2004-09-11,"b_pre_cpt","EC",438.094258995382,0,438.094258995382,311.153924426365,126.940334569017,3
316,2004-09-11,"b_pre_cpt","XC",17.260612882235,0,17.260612882235,0,17.260612882235,3
317,2004-10-16,"b_pre_cpt","CC",535.200428467454,278.42899551147,256.771432955984,131.907254461765,124.864178494219,3
317,2004-10-16,"b_pre_cpt","EC",314.104804466018,0,314.104804466018,235.576287261712,78.5285172043054,3
317,2004-10-16,"b_pre_cpt","XC",39.8114836395372,0,39.8114836395372,0,0,3
319,2004-12-11,"b_pre_cpt","CC",584.620570356171,440.902345251872,143.718225104298,107.978910168805,35.7393149354934,3
319,2004-12-11,"b_pre_cpt","EC",274.705704075329,0,274.705704075329,230.619617371998,44.0860867033309,3
319,2004-12-11,"b_pre_cpt","XC",0,0,0,0,0,3
320,2005-01-15,"b_pre_cpt","CC",349.014606680401,236.24608092664,112.768525753761,93.5017952665672,19.2667304871943,3
320,2005-01-15,"b_pre_cpt","EC",280.723801300519,63.645714588959,217.07808671156,217.07808671156,0,3
320,2005-01-15,"b_pre_cpt","XC",35.0932211693191,0,35.0932211693191,0,0,3
322,2005-04-09,"b_pre_cpt","CC",608.289782212895,375.883190534685,232.40659167821,83.0266633176081,149.379928360602,3
322,2005-04-09,"b_pre_cpt","EC",341.304136463017,108.02466039066,233.279476072357,198.133579077599,15.8791665075641,3
322,2005-04-09,"b_pre_cpt","XC",24.9179483938119,0,24.9179483938119,0,0,3
324,2005-06-04,"b_pre_cpt","CC",621.19890649495,379.274144262874,241.924762232076,50.2923433818446,191.632418850231,3
324,2005-06-04,"b_pre_cpt","EC",280.904705944179,64.2131371841017,216.691568760078,202.235192075079,14.4563766849988,3
324,2005-06-04,"b_pre_cpt","XC",65.7957419775328,0,65.7957419775328,0,13.7273604814094,3
325,2005-07-09,"b_pre_cpt","CC",635.304642344147,308.889337601024,326.415304743123,81.8475294992907,183.559750527681,3
325,2005-07-09,"b_pre_cpt","EC",506.576664549122,0,506.576664549122,412.757948951368,77.9395490901898,3
325,2005-07-09,"b_pre_cpt","XC",138.202251447618,0,138.202251447618,0,73.6627221129933,3
326,2005-08-06,"b_pre_cpt","CC",776.485361276358,321.998669545233,454.486691731124,114.051765796906,310.088259267552,3
326,2005-08-06,"b_pre_cpt","EC",575.082114050711,0,575.082114050711,434.560208270851,124.642739272297,3
326,2005-08-06,"b_pre_cpt","XC",84.0090182748462,0,84.0090182748462,0,54.737172154155,3
327,2005-09-03,"b_pre_cpt","CC",995.312252290864,292.076217157818,703.236035133045,313.147286140153,374.915415659559,3
327,2005-09-03,"b_pre_cpt","EC",704.96291863907,0,704.96291863907,491.251776389882,197.831975741624,3
327,2005-09-03,"b_pre_cpt","XC",26.5449069753411,0,26.5449069753411,0,15.8791665075641,3
328,2005-09-30,"b_pre_cpt","CC",896.735316325966,266.707143183981,630.028173141984,325.96072761075,268.226025957952,3
328,2005-09-30,"b_pre_cpt","EC",687.261576092783,0,687.261576092783,465.995064596209,174.334845148113,3
328,2005-09-30,"b_pre_cpt","XC",72.9020593412024,0,72.9020593412024,0,72.9020593412024,3
329,2005-11-05,"b_pre_cpt","CC",861.897186930441,430.940729445973,430.956457484469,317.654732880338,113.301724604131,3
329,2005-11-05,"b_pre_cpt","EC",511.204886958654,0,511.204886958654,448.464277756228,44.8030433516655,3
329,2005-11-05,"b_pre_cpt","XC",69.4921546695932,0,69.4921546695932,24.9179483938119,13.7273604814094,3
330,2005-12-09,"b_pre_cpt","CC",491.488836525028,309.766291787931,181.722544737098,167.266168052099,14.4563766849988,3
330,2005-12-09,"b_pre_cpt","EC",371.264553516212,0,371.264553516212,312.547876439254,15.1733333333333,3
330,2005-12-09,"b_pre_cpt","XC",48.8205816507285,0,48.8205816507285,0,28.9006938147427,3
331,2006-01-07,"b_pre_cpt","CC",607.129573327455,420.526635417027,186.602937910428,156.973227892096,29.6297100183321,3
331,2006-01-07,"b_pre_cpt","EC",477.362986843379,27.2924199352462,450.070566908133,389.883689426547,14.4563766849988,3
331,2006-01-07,"b_pre_cpt","XC",53.3125980267325,34.0458675395383,19.2667304871943,0,0,3
332,2006-01-28,"b_pre_cpt","CC",494.655442974434,388.120633433211,106.534809541224,70.80013458429,26.7125569777798,3
332,2006-01-28,"b_pre_cpt","EC",371.049853396919,0,371.049853396919,322.814037725673,29.6297100183321,3
332,2006-01-28,"b_pre_cpt","XC",169.710527479011,169.710527479011,0,0,0,3
333,2006-03-04,"b_pre_cpt","CC",514.069163141031,402.905973616445,111.163189524586,81.5334795062543,29.6297100183321,3
333,2006-03-04,"b_pre_cpt","EC",432.531843971542,0,432.531843971542,376.450641702244,46.2258331742308,3
333,2006-03-04,"b_pre_cpt","XC",245.812164154895,203.50381201901,42.3083521358856,23.7022464829714,0,3
334,2006-03-25,"b_pre_cpt","CC",480.78745640926,323.668420485228,157.119035924032,45.3809148940537,111.738121029978,3
334,2006-03-25,"b_pre_cpt","EC",428.479463084033,0,428.479463084033,345.675529493863,82.80393359017,3
334,2006-03-25,"b_pre_cpt","XC",222.083311044273,133.907051918839,88.1762591254333,26.1141844068594,17.9375658507602,3
335,2006-04-29,"b_pre_cpt","CC",775.23194740053,456.325278525104,318.906668875426,21.8384103703259,297.0682585051,3
335,2006-04-29,"b_pre_cpt","EC",470.098903429969,0,470.098903429969,261.234362924723,174.343314740776,3
335,2006-04-29,"b_pre_cpt","XC",140.849704073965,69.1500847840037,71.6996192899609,25.5184032148994,46.1812160750616,3
336,2006-05-27,"b_pre_cpt","CC",703.995739870513,344.406807064987,359.588932805526,23.7022464829714,335.886686322555,3
336,2006-05-27,"b_pre_cpt","EC",409.328633674108,0,409.328633674108,287.974910975304,121.353722698804,3
336,2006-05-27,"b_pre_cpt","XC",101.800859707893,70.2095575586086,31.5913021492846,0,31.5913021492846,3
338,2006-07-22,"b_pre_cpt","CC",711.428655690987,333.530637923772,377.898017767215,44.2682280851314,333.629789682083,3
338,2006-07-22,"b_pre_cpt","EC",675.276289739851,0,675.276289739851,402.469797930164,272.806491809687,3
338,2006-07-22,"b_pre_cpt","XC",167.614174924821,101.532980391858,66.0811945329634,0,66.0811945329634,3
340,2006-09-23,"b_pre_cpt","CC",231.789309537145,109.273675874335,122.515633662809,0,122.515633662809,3
340,2006-09-23,"b_pre_cpt","EC",401.853859112583,0,401.853859112583,226.645537752354,175.208321360229,3
340,2006-09-23,"b_pre_cpt","XC",34.5877204108605,34.5877204108605,0,0,0,3
341,2006-10-21,"b_pre_cpt","CC",737.160381932855,318.644823577711,418.515558355144,29.0287749955069,389.486783359637,3
341,2006-10-21,"b_pre_cpt","EC",690.896241107213,0,690.896241107213,307.171215672025,383.725025435188,3
341,2006-10-21,"b_pre_cpt","XC",94.672306883246,60.1600519463977,34.5122549368483,0,34.5122549368483,3
342,2006-11-18,"b_pre_cpt","CC",1115.02363222288,277.105184874952,837.918447347931,235.720811841223,589.969029682556,3
342,2006-11-18,"b_pre_cpt","EC",850.063249403759,0,850.063249403759,395.895242555909,446.896834321528,3
342,2006-11-18,"b_pre_cpt","XC",54.2723565858942,0,54.2723565858942,21.8384103703259,32.4339462155683,3
343,2006-12-16,"b_pre_cpt","CC",1179.01687445359,450.897345981113,728.119528472474,243.608988903311,446.006992116243,3
343,2006-12-16,"b_pre_cpt","EC",987.987339046872,0,987.987339046872,506.657961216263,418.360413718628,3
343,2006-12-16,"b_pre_cpt","XC",155.300521927594,22.465383401099,132.835138526495,51.3726476311865,81.4624908953085,3
345,2007-02-17,"b_pre_cpt","CC",1157.68160411258,502.242758319492,655.438845793087,358.144857723415,264.789837231569,3
345,2007-02-17,"b_pre_cpt","EC",787.400007852782,0,787.400007852782,469.626019826039,306.317921537637,3
345,2007-02-17,"b_pre_cpt","XC",100.415859869215,0,100.415859869215,29.5998470494207,34.5212257644699,3
346,2007-03-17,"b_pre_cpt","CC",1307.32664681145,484.100888491805,823.225758319649,260.076296616765,543.88273121569,3
346,2007-03-17,"b_pre_cpt","EC",853.852179939779,0,853.852179939779,468.291055634051,367.543417833312,3
346,2007-03-17,"b_pre_cpt","XC",373.861619159143,109.631772320979,264.229846838165,52.7351367123808,27.4415731813692,3
347,2007-04-14,"b_pre_cpt","CC",1251.80353696196,392.844215025596,858.959321936366,359.045466464692,401.569635498472,3
347,2007-04-14,"b_pre_cpt","EC",1012.71364990953,0,1012.71364990953,599.996021891988,368.643600869462,3
347,2007-04-14,"b_pre_cpt","XC",320.86705325981,76.0155661812999,244.85148707851,52.8108231501456,44.0629036739723,3
348,2007-05-19,"b_pre_cpt","CC",1440.70586847,459.643789098987,981.062079371014,447.940453707467,457.45171803919,3
348,2007-05-19,"b_pre_cpt","EC",1158.27560868833,0,1158.27560868833,920.396091865657,199.088217336902,3
348,2007-05-19,"b_pre_cpt","XC",411.1844888886,40.888807941399,370.295680947201,152.858034041663,124.074298100034,3
349,2007-06-16,"b_pre_cpt","CC",1765.3249548387,811.469855346832,953.855099491867,537.943177830611,405.246181193479,3
349,2007-06-16,"b_pre_cpt","EC",1411.67429685482,0,1411.67429685482,1155.24494737428,235.908239917695,3
349,2007-06-16,"b_pre_cpt","XC",671.138413615241,166.424184217653,504.714229397588,113.050825746884,144.663885774317,3
350,2007-07-14,"b_pre_cpt","CC",1740.96271043784,602.429072871866,1138.53363756598,606.417086690915,523.954213497712,3
350,2007-07-14,"b_pre_cpt","EC",1498.62308862796,0,1498.62308862796,1183.47792165538,295.526763106118,3
350,2007-07-14,"b_pre_cpt","XC",587.894102159885,39.8622682019812,548.031833957904,76.1407016061637,188.719215982907,3
352,2007-09-08,"b_pre_cpt","CC",1450.15971305078,643.029580945714,807.130132105066,464.568409560839,318.965875263204,3
352,2007-09-08,"b_pre_cpt","EC",1143.07116299873,0,1143.07116299873,899.882336129439,207.986665040371,3
352,2007-09-08,"b_pre_cpt","XC",804.953145467382,193.708206381473,611.244939085909,174.574152196355,263.895224339548,3
353,2007-10-13,"b_pre_cpt","CC",1373.17570310179,788.309261627221,584.866441474569,350.582228517216,141.384651698761,3
353,2007-10-13,"b_pre_cpt","EC",1160.06683048607,61.4588847352983,1098.60794575077,831.083491637901,83.2458511911648,3
353,2007-10-13,"b_pre_cpt","XC",559.176320861008,136.536827158158,422.63949370285,56.5877009864983,86.1491323400678,3
354,2007-11-10,"b_pre_cpt","CC",1335.21958659951,764.65986946987,570.559717129642,284.169721836389,117.84772594714,3
354,2007-11-10,"b_pre_cpt","EC",1067.38143999651,64.5438193494567,1002.83762064706,714.76983959825,76.5200329188992,3
354,2007-11-10,"b_pre_cpt","XC",603.905731282877,95.358121802031,508.547609480846,153.5742574563,34.4852721604784,3
355,2007-12-15,"b_pre_cpt","CC",1156.84608512266,904.168152497021,252.677932625639,169.283861095472,0,3
355,2007-12-15,"b_pre_cpt","EC",671.22878698282,39.8622682019812,631.366518780838,372.224484721866,28.9127533699976,3
355,2007-12-15,"b_pre_cpt","XC",322.016946080807,68.0454192926677,253.97152678814,32.9534126714513,0,3
356,2008-01-12,"b_pre_cpt","CC",895.611612694858,756.078911817538,139.53270087732,118.201219941766,0,3
356,2008-01-12,"b_pre_cpt","EC",833.406390452018,208.441062925576,624.965327526442,397.460917315733,17.260612882235,3
356,2008-01-12,"b_pre_cpt","XC",282.410789032526,0,282.410789032526,98.7951524315373,0,3
357,2008-02-09,"c_pre_switch","CC",1053.69525118641,928.499651773734,125.195599412672,94.8191207547613,0,3
357,2008-02-09,"c_pre_switch","EC",615.806821142864,108.003463648399,507.803357494465,352.850805579247,47.6057548571748,3
357,2008-02-09,"c_pre_switch","XC",213.983004478266,0,213.983004478266,36.1966721125524,15.1733333333333,3
358,2008-03-09,"c_pre_switch","CC",1033.66074852482,898.796524066956,134.864224457864,122.635618633712,0,3
358,2008-03-09,"c_pre_switch","EC",492.573603204958,71.2590796602246,421.314523544733,292.39491249207,46.6460685068174,3
358,2008-03-09,"c_pre_switch","XC",443.837187613322,259.602479814653,184.234707798669,0,55.08720736663,3
359,2008-04-06,"c_pre_switch","CC",1123.65457985236,933.122498890485,190.532080961872,47.3195623934824,101.379973421373,3
359,2008-04-06,"c_pre_switch","EC",636.648984732491,32.9534126714513,603.69557206104,347.575708780877,131.18526521319,3
359,2008-04-06,"c_pre_switch","XC",261.080817959988,72.9301247102608,188.150693249727,0,106.832534748093,3
360,2008-05-03,"c_pre_switch","CC",1325.98524973698,1058.45727284073,267.527976896244,20.5659816021601,192.34335643954,3
360,2008-05-03,"c_pre_switch","EC",793.204781917558,71.4868590211936,721.717922896364,401.193585547599,213.038016264396,3
360,2008-05-03,"c_pre_switch","XC",459.239377177326,232.330807855456,226.90856932187,0,109.571418262826,3
361,2008-06-07,"c_pre_switch","CC",1385.19012337224,1126.91165375627,258.278469615974,23.0865764394253,154.348437195729,3
361,2008-06-07,"c_pre_switch","EC",785.921879216453,88.6841032521051,697.237775964348,413.779073779938,224.161591878308,3
361,2008-06-07,"c_pre_switch","XC",441.611177712915,216.452216949672,225.158960763243,0,122.521272180245,3
362,2008-06-28,"c_pre_switch","CC",1303.42922391061,1042.12789698168,261.30132692893,23.0865764394253,205.654698964443,3
362,2008-06-28,"c_pre_switch","EC",668.035631193158,32.9534126714513,635.082218521707,413.870567138159,173.1601762197,3
362,2008-06-28,"c_pre_switch","XC",311.56169960199,70.2288065375661,241.332893064424,17.9375658507602,131.259528956838,3
363,2008-07-26,"c_pre_switch","CC",696.696148683817,657.234252599776,39.4618960840405,0,29.6065269889735,3
363,2008-07-26,"c_pre_switch","EC",213.580754401068,0,213.580754401068,121.852908179203,61.7270984741895,3
363,2008-07-26,"c_pre_switch","XC",80.2144328913965,0,80.2144328913965,0,36.5436715036745,3
364,2008-08-30,"c_pre_switch","CC",727.341351026419,592.713904899639,134.62744612678,0,134.62744612678,3
364,2008-08-30,"c_pre_switch","EC",311.261209628803,0,311.261209628803,205.13464972093,106.126559907873,3
364,2008-08-30,"c_pre_switch","XC",69.7104336698435,0,69.7104336698435,0,35.1981787329952,3
365,2008-09-27,"c_pre_switch","CC",585.200324922104,476.528273628168,108.672051293936,0,98.8166821988691,3
365,2008-09-27,"c_pre_switch","EC",307.77575392811,0,307.77575392811,209.835920932993,88.0844639000501,3
365,2008-09-27,"c_pre_switch","XC",164.475438171629,0,164.475438171629,22.465383401099,77.8647120172298,3
366,2008-10-26,"c_pre_switch","CC",505.179192888864,505.179192888864,0,0,0,3
366,2008-10-26,"c_pre_switch","EC",261.715437521588,0,261.715437521588,208.836986134487,43.0230822920343,3
366,2008-10-26,"c_pre_switch","XC",48.2842325174269,0,48.2842325174269,0,33.1108991840936,3
367,2008-11-22,"c_pre_switch","CC",747.467151319886,720.929248306369,26.5379030135168,19.2667304871943,0,3
367,2008-11-22,"c_pre_switch","EC",149.960527203832,0,149.960527203832,140.105158108765,0,3
367,2008-11-22,"c_pre_switch","XC",64.1922792306966,0,64.1922792306966,0,17.260612882235,3
368,2008-12-20,"c_pre_switch","CC",705.606537130746,685.68664929476,19.9198878359857,19.9198878359857,0,3
368,2008-12-20,"c_pre_switch","EC",91.2192516159914,0,91.2192516159914,83.9480790896688,0,3
368,2008-12-20,"c_pre_switch","XC",0,0,0,0,0,3
369,2009-01-24,"c_pre_switch","CC",737.958463772101,709.230144792591,28.7283189795097,20.5659816021601,0,3
369,2009-01-24,"c_pre_switch","EC",161.274073737066,0,161.274073737066,150.608333269289,0,3
369,2009-01-24,"c_pre_switch","XC",0,0,0,0,0,3
370,2009-02-21,"c_pre_switch","CC",707.81049131785,707.81049131785,0,0,0,3
370,2009-02-21,"c_pre_switch","EC",175.277227313872,0,175.277227313872,130.071183438398,14.4563766849988,3
370,2009-02-21,"c_pre_switch","XC",28.7166793713406,0,28.7166793713406,0,17.260612882235,3
371,2009-03-21,"c_pre_switch","CC",471.800204789087,441.464661596524,30.3355431925629,0,30.3355431925629,3
371,2009-03-21,"c_pre_switch","EC",194.717698212146,0,194.717698212146,150.015009230579,14.4563766849988,3
371,2009-03-21,"c_pre_switch","XC",125.008096017442,0,125.008096017442,0,66.229244504082,3
372,2009-04-26,"c_pre_switch","CC",631.958541197436,495.389001960624,136.569539236813,0,128.407201859463,3
372,2009-04-26,"c_pre_switch","EC",455.186385595659,0,455.186385595659,267.775489132425,187.410896463234,3
372,2009-04-26,"c_pre_switch","XC",27.3352329966698,0,27.3352329966698,0,15.8791665075641,3
373,2009-05-23,"c_pre_switch","CC",604.117927743237,473.804414976207,130.31351276703,14.4563766849988,97.0290582369043,3
373,2009-05-23,"c_pre_switch","EC",483.99304733359,0,483.99304733359,337.130905773569,129.735599938632,3
373,2009-05-23,"c_pre_switch","XC",111.093818934855,0,111.093818934855,0,95.2146524272913,3
374,2009-06-20,"c_pre_switch","CC",601.001673374826,453.06843543217,147.933237942657,27.3352329966698,113.326832419664,3
374,2009-06-20,"c_pre_switch","EC",500.891306780155,0,500.891306780155,394.720426102054,98.0085433007512,3
374,2009-06-20,"c_pre_switch","XC",78.4407466296046,0,78.4407466296046,0,61.1801337473697,3
375,2009-07-29,"c_pre_switch","CC",582.894378034256,407.207661327504,175.686716706752,19.9198878359857,155.766828870766,3
375,2009-07-29,"c_pre_switch","EC",293.959870293667,0,293.959870293667,218.584290208459,59.9420701815365,3
375,2009-07-29,"c_pre_switch","XC",103.972901533701,0,103.972901533701,0,79.235875070263,3
376,2009-08-22,"c_pre_switch","CC",345.675983495281,318.221262532463,27.4547209628188,0,27.4547209628188,3
376,2009-08-22,"c_pre_switch","EC",117.763923178084,0,117.763923178084,59.9756833300484,57.7882398480358,3
376,2009-08-22,"c_pre_switch","XC",75.5535422769974,0,75.5535422769974,0,64.8878018092204,3
377,2009-09-19,"c_pre_switch","CC",340.033852781846,340.033852781846,0,0,0,3
377,2009-09-19,"c_pre_switch","EC",73.420192618349,0,73.420192618349,58.9638159333502,14.4563766849988,3
377,2009-09-19,"c_pre_switch","XC",62.6797555941736,0,62.6797555941736,0,62.6797555941736,3
378,2009-10-17,"c_pre_switch","CC",152.435049604665,152.435049604665,0,0,0,3
378,2009-10-17,"c_pre_switch","EC",50.6205566256263,0,50.6205566256263,34.0458675395383,16.574689086088,3
378,2009-10-17,"c_pre_switch","XC",25.9559663055613,0,25.9559663055613,0,25.9559663055613,3
379,2009-11-14,"c_pre_switch","CC",184.257364345899,184.257364345899,0,0,0,3
379,2009-11-14,"c_pre_switch","EC",55.4892256401076,0,55.4892256401076,55.4892256401076,0,3
379,2009-11-14,"c_pre_switch","XC",0,0,0,0,0,3
380,2009-12-12,"c_pre_switch","CC",156.382274450459,156.382274450459,0,0,0,3
380,2009-12-12,"c_pre_switch","EC",0,0,0,0,0,3
380,2009-12-12,"c_pre_switch","XC",0,0,0,0,0,3
381,2010-01-16,"c_pre_switch","CC",185.417698552579,185.417698552579,0,0,0,3
381,2010-01-16,"c_pre_switch","EC",0,0,0,0,0,3
381,2010-01-16,"c_pre_switch","XC",0,0,0,0,0,3
382,2010-02-13,"c_pre_switch","CC",226.139234270511,226.139234270511,0,0,0,3
382,2010-02-13,"c_pre_switch","EC",0,0,0,0,0,3
382,2010-02-13,"c_pre_switch","XC",0,0,0,0,0,3
383,2010-03-13,"c_pre_switch","CC",281.863680049156,267.407303364158,14.4563766849988,0,14.4563766849988,3
383,2010-03-13,"c_pre_switch","EC",65.7102003864092,0,65.7102003864092,49.8310338788451,15.8791665075641,3
383,2010-03-13,"c_pre_switch","XC",15.1733333333333,0,15.1733333333333,0,15.1733333333333,3
384,2010-04-17,"c_pre_switch","CC",324.085763761681,238.715476188354,85.3702875733271,0,85.3702875733271,3
384,2010-04-17,"c_pre_switch","EC",85.3042505343609,0,85.3042505343609,0,85.3042505343609,3
384,2010-04-17,"c_pre_switch","XC",15.1733333333333,0,15.1733333333333,0,15.1733333333333,3
385,2010-05-15,"c_pre_switch","CC",333.924925453923,271.155436045791,62.7694894081312,0,62.7694894081312,3
385,2010-05-15,"c_pre_switch","EC",116.209834868559,0,116.209834868559,27.2924199352462,88.9174149333124,3
385,2010-05-15,"c_pre_switch","XC",58.4458813248857,0,58.4458813248857,0,58.4458813248857,3
386,2010-07-10,"c_pre_switch","CC",331.506925569314,226.173390508609,105.333535060705,0,105.333535060705,3
386,2010-07-10,"c_pre_switch","EC",90.8472913461333,0,90.8472913461333,0,90.8472913461333,3
386,2010-07-10,"c_pre_switch","XC",68.9975270973266,0,68.9975270973266,0,68.9975270973266,3
387,2010-09-05,"c_pre_switch","CC",557.510717669891,256.328567428903,301.182150240988,0,301.182150240988,3
387,2010-09-05,"c_pre_switch","EC",244.114315397329,0,244.114315397329,0,244.114315397329,3
387,2010-09-05,"c_pre_switch","XC",67.6346503326544,0,67.6346503326544,0,67.6346503326544,3
388,2010-11-06,"c_pre_switch","CC",283.642335548995,262.391611745689,21.2507238033059,0,12.2286058241519,3
388,2010-11-06,"c_pre_switch","EC",101.839083966753,0,101.839083966753,0,101.839083966753,3
388,2010-11-06,"c_pre_switch","XC",51.7226930577799,35.1480039716918,16.574689086088,0,16.574689086088,3
389,2011-01-05,"c_pre_switch","CC",276.734577199139,276.734577199139,0,0,0,3
389,2011-01-05,"c_pre_switch","EC",0,0,0,0,0,3
389,2011-01-05,"c_pre_switch","XC",55.1676132081187,55.1676132081187,0,0,0,3
390,2011-02-05,"c_pre_switch","CC",259.734108509696,259.734108509696,0,0,0,3
390,2011-02-05,"c_pre_switch","EC",0,0,0,0,0,3
390,2011-02-05,"c_pre_switch","XC",30.7311564947901,30.7311564947901,0,0,0,3
391,2011-03-14,"c_pre_switch","CC",281.319398762031,281.319398762031,0,0,0,3
391,2011-03-14,"c_pre_switch","EC",57.7773415227317,0,57.7773415227317,0,57.7773415227317,3
391,2011-03-14,"c_pre_switch","XC",45.8127591236328,27.8751932728726,17.9375658507602,0,17.9375658507602,3
392,2011-04-02,"c_pre_switch","CC",468.948577165992,392.263087956288,76.6854892097036,0,66.8301201146367,3
392,2011-04-02,"c_pre_switch","EC",247.409526172524,0,247.409526172524,0,247.409526172524,3
392,2011-04-02,"c_pre_switch","XC",0,0,0,0,0,3
393,2011-05-07,"c_pre_switch","CC",523.932018382332,243.446467565569,280.485550816763,0,270.630181721696,3
393,2011-05-07,"c_pre_switch","EC",280.658758586534,0,280.658758586534,0,280.658758586534,3
393,2011-05-07,"c_pre_switch","XC",37.71757687789,0,37.71757687789,0,37.71757687789,3
395,2011-07-02,"c_pre_switch","CC",279.910187934777,103.718051602036,176.192136332741,21.205377986623,154.986758346118,3
395,2011-07-02,"c_pre_switch","EC",452.630895318547,0,452.630895318547,0,452.630895318547,3
395,2011-07-02,"c_pre_switch","XC",85.4362257675509,0,85.4362257675509,0,85.4362257675509,3
396,2011-08-06,"c_pre_switch","CC",611.054210673961,282.32216484162,328.732045832341,0,328.732045832341,3
396,2011-08-06,"c_pre_switch","EC",360.261167196247,0,360.261167196247,0,360.261167196247,3
396,2011-08-06,"c_pre_switch","XC",68.9039019111953,0,68.9039019111953,0,68.9039019111953,3
397,2011-08-27,"c_pre_switch","CC",612.580934918961,263.477395853554,349.103539065407,0,349.103539065407,3
397,2011-08-27,"c_pre_switch","EC",275.983369157988,0,275.983369157988,0,275.983369157988,3
397,2011-08-27,"c_pre_switch","XC",87.3394689784073,0,87.3394689784073,0,87.3394689784073,3
398,2011-10-01,"c_pre_switch","CC",622.615334435507,265.621141408583,356.994193026924,0,356.994193026924,3
398,2011-10-01,"c_pre_switch","EC",406.310384881034,0,406.310384881034,0,406.310384881034,3
398,2011-10-01,"c_pre_switch","XC",111.245573914171,0,111.245573914171,0,90.0401959275479,3
399,2011-10-22,"c_pre_switch","CC",612.029451135269,201.737957304005,410.291493831264,0,410.291493831264,3
399,2011-10-22,"c_pre_switch","EC",370.745938803857,0,370.745938803857,26.7054683868551,306.828259111173,3
399,2011-10-22,"c_pre_switch","XC",79.1835933320262,0,79.1835933320262,0,59.916862844832,3
401,2012-01-21,"c_pre_switch","CC",674.482254317551,524.12956731243,150.35268700512,0,30.3355431925629,3
401,2012-01-21,"c_pre_switch","EC",90.3103440295729,0,90.3103440295729,31.2916150907349,30.3020495674974,3
401,2012-01-21,"c_pre_switch","XC",78.6920370784241,61.4314241961891,17.260612882235,0,0,3
402,2012-02-19,"c_pre_switch","CC",479.353854203952,383.525932533725,95.8279216702265,0,95.8279216702265,3
402,2012-02-19,"c_pre_switch","EC",182.955724752711,72.9088789784699,110.046845774241,30.7311564947901,61.2714533211432,3
402,2012-02-19,"c_pre_switch","XC",202.546789802228,93.8215146333147,108.725275168913,0,33.8167323583244,3
403,2012-03-12,"c_pre_switch","CC",696.25121165736,397.845432820076,298.405778837283,0,257.919909399138,3
403,2012-03-12,"c_pre_switch","EC",269.383338064646,33.501124547073,235.882213517573,33.501124547073,182.670350780367,3
403,2012-03-12,"c_pre_switch","XC",186.518417648074,90.4548757078798,96.0635419401943,0,53.7551898043087,3
404,2012-04-21,"c_pre_switch","CC",779.023114068904,402.935629326942,376.087484741962,0,337.621493873104,3
404,2012-04-21,"c_pre_switch","EC",434.453378626397,0,434.453378626397,0,418.574212118833,3
404,2012-04-21,"c_pre_switch","XC",215.644111980292,162.508367396536,53.1357445837554,0,53.1357445837554,3
406,2012-06-16,"c_pre_switch","CC",1274.20578437294,753.968214423045,520.237569949891,0,481.361990133586,3
406,2012-06-16,"c_pre_switch","EC",613.001187127577,35.6630526661026,577.338134461474,27.2924199352462,540.190345431161,3
406,2012-06-16,"c_pre_switch","XC",373.915358115694,186.776029433062,187.139328682632,0,171.965995349298,3
407,2012-07-28,"c_pre_switch","CC",1411.93300823153,707.911962003744,704.021046227791,0,704.021046227791,3
407,2012-07-28,"c_pre_switch","EC",864.713382451335,0,864.713382451335,167.518643180649,688.172621291532,3
407,2012-07-28,"c_pre_switch","XC",333.937902652114,73.968719654876,259.969182997238,0,226.152450638914,3
408,2012-08-18,"c_pre_switch","CC",1087.78711790425,613.912004486178,473.87511341807,0,464.019744323003,3
408,2012-08-18,"c_pre_switch","EC",707.80313832816,0,707.80313832816,130.632221940272,577.170916387888,3
408,2012-08-18,"c_pre_switch","XC",342.882213846888,37.782120738569,305.100093108319,70.9974228129034,218.929336962082,3
409,2012-09-15,"c_pre_switch","CC",932.811148566888,547.001207551107,385.809941015781,0,385.809941015781,3
409,2012-09-15,"c_pre_switch","EC",482.591420931633,0,482.591420931633,123.679220161811,329.324101188508,3
409,2012-09-15,"c_pre_switch","XC",243.296014425545,0,243.296014425545,26.1141844068594,157.454278678571,3
410,2012-10-13,"c_pre_switch","CC",918.808446747056,652.148037915033,266.660408832023,0,241.142005617124,3
410,2012-10-13,"c_pre_switch","EC",391.837468435799,0,391.837468435799,105.026184109531,251.689263119004,3
410,2012-10-13,"c_pre_switch","XC",224.190921980703,84.2587541407747,139.932167839928,0,101.406174351028,3
411,2012-11-10,"c_pre_switch","CC",563.791763993167,503.120677608042,60.6710863851259,0,60.6710863851259,3
411,2012-11-10,"c_pre_switch","EC",179.718364018311,0,179.718364018311,51.623416780667,61.2946363505018,3
411,2012-11-10,"c_pre_switch","XC",97.5530274701827,38.3056669887733,59.2473604814094,0,59.2473604814094,3
412,2012-12-08,"c_pre_switch","CC",596.169164700303,596.169164700303,0,0,0,3
412,2012-12-08,"c_pre_switch","EC",232.297229811628,91.4221769626546,140.875052848974,85.8529425040263,15.8791665075641,3
412,2012-12-08,"c_pre_switch","XC",254.912571447109,213.141211858326,41.7713595887831,0,0,3
413,2013-01-12,"c_pre_switch","CC",362.239393298865,362.239393298865,0,0,0,3
413,2013-01-12,"c_pre_switch","EC",52.569566865116,0,52.569566865116,30.7311564947901,0,3
413,2013-01-12,"c_pre_switch","XC",71.0327591159594,53.0951932651991,17.9375658507602,0,0,3
414,2013-02-16,"c_pre_switch","CC",534.437742321203,517.177129438968,17.260612882235,0,17.260612882235,3
414,2013-02-16,"c_pre_switch","EC",109.051886637966,0,109.051886637966,62.0160168246788,17.260612882235,3
414,2013-02-16,"c_pre_switch","XC",128.313225815755,71.2110680452512,57.1021577705038,0,13.7273604814094,3
415,2013-03-13,"c_pre_switch","CC",574.402024014358,541.948168420706,32.4538555936522,0,32.4538555936522,3
415,2013-03-13,"c_pre_switch","EC",148.378095265344,0,148.378095265344,61.4623129895803,17.9375658507602,3
415,2013-03-13,"c_pre_switch","XC",421.723924795082,314.618057580605,107.105867214477,0,51.0773452405593,3
416,2013-04-13,"c_pre_switch","CC",786.361758152561,592.806088586038,193.555669566523,0,172.244233982351,3
416,2013-04-13,"c_pre_switch","EC",347.667447038777,0,347.667447038777,29.5998470494207,274.272164521324,3
416,2013-04-13,"c_pre_switch","XC",211.731811507518,68.0657018667848,143.666109640733,0,100.697132670567,3
417,2013-05-11,"c_pre_switch","CC",835.088524048357,539.044610799182,296.043913249175,0,296.043913249175,3
417,2013-05-11,"c_pre_switch","EC",281.763967936093,0,281.763967936093,31.8487471801153,240.893102776824,3
417,2013-05-11,"c_pre_switch","XC",208.965626441887,35.1267582399009,173.838868201986,0,85.4964438232553,3
418,2013-07-06,"c_pre_switch","CC",857.314483985328,476.780911116717,380.53357286861,0,380.53357286861,3
418,2013-07-06,"c_pre_switch","EC",479.860952396836,0,479.860952396836,79.15900796482,379.496566445393,3
418,2013-07-06,"c_pre_switch","XC",236.062663618488,32.9534126714513,203.109250947037,0,163.966307109653,3
419,2013-09-14,"c_pre_switch","CC",731.748291775018,453.008352287434,278.739939487584,0,278.739939487584,3
419,2013-09-14,"c_pre_switch","EC",387.623008744391,0,387.623008744391,31.2916150907349,337.725288000742,3
419,2013-09-14,"c_pre_switch","XC",190.844857194568,39.8622682019812,150.982588992586,0,120.815319348023,3
420,2013-11-02,"c_pre_switch","CC",580.892836190184,442.407903325456,138.484932864728,26.7054683868551,111.779464477873,3
420,2013-11-02,"c_pre_switch","EC",356.097320706481,0,356.097320706481,74.8070411731682,212.462236476916,3
420,2013-11-02,"c_pre_switch","XC",142.334434472289,39.8622682019812,102.472166270308,0,50.9316568193639,3
421,2013-12-29,"c_pre_switch","CC",603.989124291685,555.011786004914,48.9773382867702,32.4026492006822,16.574689086088,3
421,2013-12-29,"c_pre_switch","EC",88.9377932308361,0,88.9377932308361,72.3631041447481,16.574689086088,3
421,2013-12-29,"c_pre_switch","XC",114.392213839612,66.4396190624267,47.9525947771853,26.1141844068594,0,3
422,2014-02-01,"c_pre_switch","CC",1104.84703206049,1069.66623732148,35.1807947390022,0,0,3
422,2014-02-01,"c_pre_switch","EC",248.657781250897,0,248.657781250897,74.8925355370642,36.5436715036745,3
422,2014-02-01,"c_pre_switch","XC",161.586132766233,39.3456888724191,122.240443893814,0,0,3
423,2014-03-01,"c_pre_switch","CC",970.476646114458,773.779918729973,196.696727384486,32.4026492006822,123.168812361195,3
423,2014-03-01,"c_pre_switch","EC",298.720773259056,0,298.720773259056,85.1817814851701,132.6086063125,3
423,2014-03-01,"c_pre_switch","XC",226.878593437881,0,226.878593437881,0,37.2122113058284,3
424,2014-03-29,"c_pre_switch","CC",1036.16301696907,782.12818315161,254.034833817465,32.4026492006822,187.396264317106,3
424,2014-03-29,"c_pre_switch","EC",470.407465861716,0,470.407465861716,101.612552020542,253.05093601841,3
424,2014-03-29,"c_pre_switch","XC",351.593622072004,0,351.593622072004,31.2916150907349,183.613800915771,3
425,2014-04-26,"c_pre_switch","CC",1065.43601255358,786.678098783384,278.757913770193,0,258.191932168033,3
425,2014-04-26,"c_pre_switch","EC",617.070424953277,40.888807941399,576.181617011878,179.601922129218,276.605613904423,3
425,2014-04-26,"c_pre_switch","XC",159.65215188794,40.888807941399,118.763343946541,0,41.1252658226087,3
426,2014-05-31,"c_pre_switch","CC",1267.78736978202,767.077716528751,500.709653253269,0,483.449040371034,3
426,2014-05-31,"c_pre_switch","EC",414.087567687496,0,414.087567687496,110.773484395914,265.441247151473,3
426,2014-05-31,"c_pre_switch","XC",187.172999690755,39.8622682019812,147.310731488774,0,49.637171424001,3
427,2014-06-28,"c_pre_switch","CC",1315.92777622766,631.355218283275,684.57255794438,0,684.57255794438,3
427,2014-06-28,"c_pre_switch","EC",774.607651559874,0,774.607651559874,248.963194265675,506.377726807004,3
427,2014-06-28,"c_pre_switch","XC",144.628348804115,0,144.628348804115,0,76.5649157687367,3
428,2014-08-02,"c_pre_switch","CC",814.928439844456,534.000652538367,280.927787306088,0,280.927787306088,3
428,2014-08-02,"c_pre_switch","EC",481.218443996336,0,481.218443996336,104.447745929322,376.770698067014,3
428,2014-08-02,"c_pre_switch","XC",200.016414265506,0,200.016414265506,0,91.2961979809844,3
429,2014-08-30,"c_pre_switch","CC",1058.58169632095,492.848409602751,565.733286718203,0,553.504680894051,3
429,2014-08-30,"c_pre_switch","EC",777.652518551743,0,777.652518551743,213.329472482098,564.323046069644,3
429,2014-08-30,"c_pre_switch","XC",210.328147181591,0,210.328147181591,0,192.39058133083,3
430,2014-09-27,"c_pre_switch","CC",811.53102079893,448.309435782872,363.221585016058,23.0865764394253,340.135008576633,3
430,2014-09-27,"c_pre_switch","EC",610.035211663976,0,610.035211663976,203.151264323523,367.107971119367,3
430,2014-09-27,"c_pre_switch","XC",109.470944827208,0,109.470944827208,0,31.7583330151283,3
431,2014-10-25,"c_pre_switch","CC",624.556428143263,419.045419599975,205.511008543288,0,205.511008543288,3
431,2014-10-25,"c_pre_switch","EC",499.33118851791,0,499.33118851791,206.25149500941,253.936749671117,3
431,2014-10-25,"c_pre_switch","XC",120.591672640735,0,120.591672640735,0,0,3
432,2014-11-22,"c_pre_switch","CC",461.579120376151,344.591375285927,116.987745090224,0,64.163399024991,3
432,2014-11-22,"c_pre_switch","EC",389.167356900501,0,389.167356900501,136.281830766983,164.982753179058,3
432,2014-11-22,"c_pre_switch","XC",148.580502842505,0,148.580502842505,23.7022464829714,0,3
434,2015-01-17,"c_pre_switch","CC",689.964776654314,620.021871509473,69.9429051448415,0,31.7583330151283,3
434,2015-01-17,"c_pre_switch","EC",221.092291644562,0,221.092291644562,87.4712081146839,34.4852721604783,3
434,2015-01-17,"c_pre_switch","XC",278.084931032467,147.368603411777,130.71632762069,0,0,3
435,2015-02-21,"d_post-switch","CC",1135.28358540589,901.571179326714,233.712406079173,0,107.432070590562,3
435,2015-02-21,"d_post-switch","EC",495.108770880811,0,495.108770880811,182.867903227509,37.2042963379545,3
435,2015-02-21,"d_post-switch","XC",446.578952488421,246.714102300659,199.864850187763,0,17.9375658507602,3
436,2015-03-26,"d_post-switch","CC",945.53319478719,582.513232936121,363.019961851068,0,179.157214568659,3
436,2015-03-26,"d_post-switch","EC",567.688819199183,0,567.688819199183,34.5877204108605,268.833454385,3
436,2015-03-26,"d_post-switch","XC",462.811485445136,41.906826959667,420.904658485469,0,99.9410192987303,3
437,2015-04-18,"d_post-switch","CC",1237.4925709018,643.075129860742,594.417441041059,0,432.946122228094,3
437,2015-04-18,"d_post-switch","EC",944.867507909936,90.7310039945815,854.136503915354,64.7927396378078,448.130547870269,3
437,2015-04-18,"d_post-switch","XC",742.274336632267,282.778574540402,459.495762091865,27.8751932728726,92.2528912607744,3
438,2015-05-16,"d_post-switch","CC",1021.16554077156,644.473067097573,376.692473673992,0,271.605175888852,3
438,2015-05-16,"d_post-switch","EC",731.649380148168,314.205414323602,417.443965824566,29.5998470494207,248.012075230618,3
438,2015-05-16,"d_post-switch","XC",1038.66099354484,595.131330376763,443.529663168076,29.5998470494207,167.849150275228,3
439,2015-06-13,"d_post-switch","CC",1178.29321139492,554.593450623342,623.699760771577,0,492.124540795834,3
439,2015-06-13,"d_post-switch","EC",957.402359064714,304.16177527869,653.240583786024,81.1994024452348,406.04719562979,3
439,2015-06-13,"d_post-switch","XC",1158.3431364011,646.406455894592,511.936680506509,27.2924199352462,286.668622560678,3
440,2015-07-18,"d_post-switch","CC",1325.07318749468,461.659292552165,863.413894942511,0,764.514973640969,3
440,2015-07-18,"d_post-switch","EC",1031.93118678025,364.209616702355,667.721570077891,58.0537800609395,597.4391841928,3
440,2015-07-18,"d_post-switch","XC",1191.49931821175,621.873962014133,569.625356197617,21.205377986623,417.377694346085,3
441,2015-08-22,"d_post-switch","CC",1184.18376446099,543.798348312014,640.385416148976,0,610.051862585649,3
441,2015-08-22,"d_post-switch","EC",1045.9255114183,350.830083905171,695.095427513127,58.042462917436,601.907067600932,3
441,2015-08-22,"d_post-switch","XC",1341.91282929505,571.718125625421,770.194703669632,74.6892550028535,582.633219628536,3
442,2015-09-12,"d_post-switch","CC",860.607885376611,514.60548737659,346.00239800002,0,325.524213531761,3
442,2015-09-12,"d_post-switch","EC",979.347357759735,506.559229643768,472.788128115967,58.042462917436,404.890296103464,3
442,2015-09-12,"d_post-switch","XC",1326.03369586065,790.066823175649,535.966872685001,85.9176561903086,324.284164613524,3
443,2015-10-10,"d_post-switch","CC",953.397130478941,694.242842360105,259.154288118836,0,196.629519352811,3
443,2015-10-10,"d_post-switch","EC",846.44397611777,501.281956408307,345.162019709463,58.0537800609395,269.170673797764,3
443,2015-10-10,"d_post-switch","XC",1201.4680393931,846.119025918169,355.34901347493,50.9946664182175,231.636871600229,3
444,2015-11-14,"d_post-switch","CC",886.832543172657,787.868910837126,98.9636323355312,0,51.7170048370078,3
444,2015-11-14,"d_post-switch","EC",626.664409851072,434.218629043217,192.445780807855,56.8727380314185,31.7480224194214,3
444,2015-11-14,"d_post-switch","XC",923.679641843898,733.428479304412,190.251162539485,0,97.3127771971671,3
446,2016-02-13,"d_post-switch","CC",864.569124870469,864.569124870469,0,0,0,3
446,2016-02-13,"d_post-switch","EC",459.050481038897,379.463055692826,79.5874253460708,0,0,3
446,2016-02-13,"d_post-switch","XC",693.832503632559,534.450004592378,159.382499040181,0,0,3
447,2016-03-19,"d_post-switch","CC",794.564399719345,716.135644684169,78.4287550351763,0,49.6958988658885,3
447,2016-03-19,"d_post-switch","EC",537.587593989184,381.193659037008,156.393934952176,0,137.127204464982,3
447,2016-03-19,"d_post-switch","XC",883.085103936942,808.412597325215,74.6725066117271,0,35.8751317015205,3
449,2016-05-07,"d_post-switch","CC",1043.55582505786,863.556075926501,179.999749131363,0,179.999749131363,3
449,2016-05-07,"d_post-switch","EC",827.629583076777,607.483277230011,220.146305846766,0,210.290936751699,3
449,2016-05-07,"d_post-switch","XC",918.111086211945,732.955559939012,185.155526272933,0,145.547779990017,3
450,2016-06-04,"d_post-switch","CC",784.374983836602,693.46344570854,90.9115381280617,0,90.9115381280617,3
450,2016-06-04,"d_post-switch","EC",488.564858444285,381.642213468613,106.922644975672,0,106.922644975672,3
450,2016-06-04,"d_post-switch","XC",741.066591225028,585.22249043018,155.844100794848,0,155.844100794848,3
451,2016-07-02,"d_post-switch","CC",866.240640584333,641.117311591838,225.123328992495,0,225.123328992495,3
451,2016-07-02,"d_post-switch","EC",505.102213859,300.088804707223,205.013409151777,0,205.013409151777,3
451,2016-07-02,"d_post-switch","XC",614.566701472913,479.358619555672,135.20808191724,0,135.20808191724,3
452,2016-08-06,"d_post-switch","CC",652.25742118372,438.958625459381,213.298795724339,0,213.298795724339,3
452,2016-08-06,"d_post-switch","EC",535.136447466862,348.196179175743,186.94026829112,29.5998470494207,157.340421241699,3
452,2016-08-06,"d_post-switch","XC",647.66241373491,432.091655432392,215.570758302518,0,178.366461964563,3
453,2016-09-03,"d_post-switch","CC",561.410626675198,412.929856291613,148.480770383585,0,148.480770383585,3
453,2016-09-03,"d_post-switch","EC",571.292660464871,416.558672047446,154.733988417426,0,154.733988417426,3
453,2016-09-03,"d_post-switch","XC",573.635505427856,403.245452837696,170.39005259016,0,170.39005259016,3
454,2016-10-01,"d_post-switch","CC",568.376452185931,450.457185621211,117.91926656472,0,99.9817007139596,3
454,2016-10-01,"d_post-switch","EC",392.009381926114,340.263496883401,51.7458850427133,0,35.8667185351492,3
454,2016-10-01,"d_post-switch","XC",578.893774915864,488.54581902628,90.3479558895838,0,90.3479558895838,3
455,2016-11-05,"d_post-switch","CC",534.304761617764,519.848384932765,14.4563766849988,0,14.4563766849988,3
455,2016-11-05,"d_post-switch","EC",260.099147537333,243.524458451245,16.574689086088,0,0,3
455,2016-11-05,"d_post-switch","XC",748.708163919141,730.770598068381,17.9375658507602,0,17.9375658507602,3
458,2017-01-28,"d_post-switch","CC",723.154202077892,705.893589195657,17.260612882235,0,0,3
458,2017-01-28,"d_post-switch","EC",434.331554237491,378.740826959963,55.5907272775282,0,0,3
458,2017-01-28,"d_post-switch","XC",949.624424810522,909.791712721167,39.8327120893543,0,0,3
459,2017-02-25,"d_post-switch","CC",777.942932554382,753.501669568906,24.441262985476,0,0,3
459,2017-02-25,"d_post-switch","EC",332.315802890462,313.709697237548,18.6061056529142,0,0,3
459,2017-02-25,"d_post-switch","XC",868.592850578993,845.698504287064,22.8943462919289,0,0,3
460,2017-03-28,"d_post-switch","CC",738.525386581969,566.61306894234,171.912317639629,0,171.912317639629,3
460,2017-03-28,"d_post-switch","EC",725.498456558884,635.079795525513,90.4186610333717,0,37.2042963379545,3
460,2017-03-28,"d_post-switch","XC",1085.32596283088,951.288618552766,134.037344278119,0,37.857453686746,3
461,2017-04-29,"d_post-switch","CC",710.238521057271,640.963117673214,69.2754033840572,0,57.0467975599053,3
461,2017-04-29,"d_post-switch","EC",404.289461937476,361.258096934217,43.0313650032591,0,20.5659816021601,3
461,2017-04-29,"d_post-switch","XC",1391.46236964764,1172.71202719025,218.750342457391,0,154.705945753592,3
462,2017-05-27,"d_post-switch","CC",942.975888712436,714.251803766484,228.724084945951,0,182.73779369326,3
462,2017-05-27,"d_post-switch","EC",506.633441421431,316.383912188756,190.249529232675,0,151.783538363817,3
462,2017-05-27,"d_post-switch","XC",1010.42388870087,831.032940457162,179.390948243709,0,179.390948243709,3
463,2017-06-24,"d_post-switch","CC",688.549992698448,496.738298245237,191.811694453211,0,191.811694453211,3
463,2017-06-24,"d_post-switch","EC",570.489704560675,316.865836361958,253.623868198717,0,240.638671702347,3
463,2017-06-24,"d_post-switch","XC",480.944051096134,362.515110159696,118.428940936438,0,103.255607603104,3
465,2017-08-19,"d_post-switch","CC",712.6411947044,399.701118698696,312.940076005704,0,312.940076005704,3
465,2017-08-19,"d_post-switch","EC",824.92602646465,429.943914146266,394.982112318384,0,365.953337322877,3
465,2017-08-19,"d_post-switch","XC",659.529827457756,374.841204517127,284.688622940629,0,284.688622940629,3
466,2017-09-14,"d_post-switch","CC",844.546341388137,372.625159435266,471.921181952871,0,471.921181952871,3
466,2017-09-14,"d_post-switch","EC",897.699376576483,434.487162794133,463.21221378235,0,463.21221378235,3
466,2017-09-14,"d_post-switch","XC",974.880013788165,546.916529746993,427.963484041172,0,427.963484041172,3
467,2017-10-21,"d_post-switch","CC",481.085769372424,321.124705104851,159.961064267573,0,141.354958614659,3
467,2017-10-21,"d_post-switch","EC",455.548383717451,329.307557191562,126.240826525889,0,126.240826525889,3
467,2017-10-21,"d_post-switch","XC",938.127862290877,676.983381425053,261.144480865824,0,227.3277485075,3
468,2017-11-18,"d_post-switch","CC",516.905836392854,483.79493720876,33.1108991840936,0,15.1733333333333,3
468,2017-11-18,"d_post-switch","EC",492.416719636947,423.784557093177,68.6321625437701,0,30.1661716749121,3
468,2017-11-18,"d_post-switch","XC",593.11279190109,432.549994387918,160.562797513173,0,88.8659470256378,3
472,2018-03-24,"d_post-switch","CC",546.715496973772,488.945219033658,57.7702779401146,0,19.2667304871943,3
472,2018-03-24,"d_post-switch","EC",531.207814644709,468.508149672452,62.6996649722575,0,62.6996649722575,3
472,2018-03-24,"d_post-switch","XC",314.280308614964,259.162242045983,55.1180665689809,0,37.1805007182207,3
473,2018-04-14,"d_post-switch","CC",635.670223283863,553.306855802859,82.3633674810037,0,82.3633674810037,3
473,2018-04-14,"d_post-switch","EC",728.274245430317,642.016105450756,86.2581399795616,0,86.2581399795616,3
473,2018-04-14,"d_post-switch","XC",414.895965951371,266.176869236083,148.719096715288,0,130.112991062373,3
474,2018-05-19,"d_post-switch","CC",533.257589728275,317.438418436982,215.819171291292,0,215.819171291292,3
474,2018-05-19,"d_post-switch","EC",332.143290218503,197.640921401324,134.502368817179,0,134.502368817179,3
474,2018-05-19,"d_post-switch","XC",453.88679436336,235.990369712157,217.896424651203,0,197.976536815217,3
475,2018-06-09,"d_post-switch","CC",451.880365056135,291.148128258681,160.732236797454,0,160.732236797454,3
475,2018-06-09,"d_post-switch","EC",535.694128859581,374.271359998519,161.422768861062,0,137.110138197116,3
475,2018-06-09,"d_post-switch","XC",544.123344361535,326.047873601,218.075470760536,0,200.814857878301,3
476,2018-07-14,"d_post-switch","CC",420.439124929741,323.231260539601,97.2078643901391,0,77.9524215238415,3
476,2018-07-14,"d_post-switch","EC",270.340303432699,171.808440462719,98.5318629699795,0,98.5318629699795,3
476,2018-07-14,"d_post-switch","XC",438.241707731981,241.748814799058,196.492892932922,0,182.036516247924,3
477,2018-08-12,"d_post-switch","CC",359.199183604908,236.523141947652,122.676041657256,0,122.676041657256,3
477,2018-08-12,"d_post-switch","EC",338.788069524051,230.564631284899,108.223438239151,0,108.223438239151,3
477,2018-08-12,"d_post-switch","XC",369.029099774764,238.140746344746,130.888353430018,0,130.888353430018,3
478,2018-09-04,"d_post-switch","CC",391.775399647363,300.121637857213,91.6537617901496,0,91.6537617901496,3
478,2018-09-04,"d_post-switch","EC",282.478774063588,234.934681223855,47.5440928397338,0,47.5440928397338,3
478,2018-09-04,"d_post-switch","XC",406.477582081688,242.422216156694,164.055365924993,0,145.449260272079,3
479,2018-10-06,"d_post-switch","CC",206.394420969465,171.213626230462,35.1807947390022,0,35.1807947390022,3
479,2018-10-06,"d_post-switch","EC",275.264143332251,244.928600139688,30.3355431925629,0,30.3355431925629,3
479,2018-10-06,"d_post-switch","XC",264.771383458928,228.227711955253,36.5436715036744,0,36.5436715036744,3
480,2018-11-10,"d_post-switch","CC",207.391933097296,207.391933097296,0,0,0,3
480,2018-11-10,"d_post-switch","EC",291.809399194764,275.9302326872,15.8791665075641,0,15.8791665075641,3
480,2018-11-10,"d_post-switch","XC",220.643795309489,201.377064822294,19.2667304871943,0,0,3
483,2019-03-01,"d_post-switch","CC",358.63865782114,338.718769985154,19.9198878359857,0,19.9198878359857,3
483,2019-03-01,"d_post-switch","EC",237.4058462079,237.4058462079,0,0,0,3
483,2019-03-01,"d_post-switch","XC",502.282744349707,484.345178498947,17.9375658507602,0,17.9375658507602,3
484,2019-04-02,"d_post-switch","CC",262.515947800597,232.16928113393,30.3466666666667,0,30.3466666666667,3
484,2019-04-02,"d_post-switch","EC",165.815487741428,165.815487741428,0,0,0,3
484,2019-04-02,"d_post-switch","XC",480.56885905158,408.860720943148,71.7081381084314,0,71.7081381084314,3
485,2019-05-04,"d_post-switch","CC",373.691755407099,317.897681550476,55.7940738566235,0,55.7940738566235,3
485,2019-05-04,"d_post-switch","EC",103.342151558588,64.1555332354078,39.18661832318,0,39.18661832318,3
485,2019-05-04,"d_post-switch","XC",315.030918518616,277.158082378508,37.8728361401085,0,37.8728361401085,3
