"year","month","mintemp","maxtemp","meantemp","precipitation","locally_measured","battery_low","warm_days","cool_precip","warm_precip","anomaly_ppt","anomaly_mint","anomaly_maxt","anomaly_meant"
1980,1,0.793548387096774,14.0516129032258,5.51290322580645,15.24,FALSE,NA,4.83870967741935,2.17129032258065,2.21225806451613,0.666666666666667,2.29354838709677,-1.2483870967742,-1.38709677419355
1980,2,3.41379310344828,16.448275862069,7.18965517241379,30.226,TRUE,NA,16.9310344827586,25.5051034482759,9.51186206896552,1.54371807967314,3.51379310344828,-1.15172413793104,-1.61034482758621
1980,3,4.01612903225806,18.9677419354839,10.2677419354839,5.08,TRUE,NA,34.1612903225806,30.988,17.9192903225806,0.31358024691358,1.71612903225807,-2.03225806451613,-1.43225806451613
1980,4,7.76666666666667,24.5666666666667,15.9166666666667,0.508,TRUE,NA,52.0333333333333,30.988,19.6596,0.0579908675799087,2.46666666666667,-0.833333333333332,0.516666666666666
1980,5,11.5322580645161,28.6935483870968,21.7870967741935,0.508,TRUE,NA,80.741935483871,30.988,20.5658064516129,0.0694938440492476,1.53225806451613,-1.50645161290322,1.68709677419355
1980,6,19.0666666666667,37.7,29.8733333333333,10.922,TRUE,NA,110.5,30.988,27.6521333333333,0.969121561668146,4.16666666666667,3.2,5.17333333333334
1980,7,20.9354838709677,35.8064516129032,25.5258064516129,60.706,TRUE,NA,141,30.988,69.4567096774194,0.808120340788072,2.73548387096774,1.60645161290322,-0.674193548387095
1980,8,18.6774193548387,32.1451612903226,23.5870967741935,54.102,TRUE,NA,172,30.988,126.713225806452,0.832466533312817,1.27741935483871,-0.254838709677415,-1.31290322580645
1980,9,16.5,30.6,19.5,58.674,TRUE,NA,202.5,30.988,171.466933333333,1.82160819621236,2.2,-0.299999999999997,-3.1
1980,10,9.38709677419355,23.8548387096774,11.8677419354839,1.778,TRUE,NA,231.483870967742,31.6844516129032,205.28935483871,0.0560883280757098,1.38709677419355,-2.34516129032258,-5.23225806451613
1980,11,3.74333333333333,18.3966666666667,5.4,14.478,TRUE,NA,253.333333333333,39.497,205.486,0.699082568807339,1.94333333333333,-1.70333333333333,-5.5
1980,12,2.79032258064516,17.9193548387097,3.60967741935484,2.286,TRUE,NA,266.870967741935,48.2108387096774,205.486,0.0704251386321627,4.49032258064516,2.81935483870968,-3.09032258064516
1981,1,1.6258064516129,13.6258064516129,4.33548387096774,30.226,TRUE,NA,274.774193548387,52.9303225806452,215.932774193548,1.32222222222222,3.1258064516129,-1.6741935483871,-2.56451612903226
1981,2,3.64285714285714,18.875,8.52857142857143,10.668,TRUE,NA,269.535714285714,34.9522142857143,219.719071428571,0.544841675178754,3.74285714285714,1.275,-0.271428571428572
1981,3,4.76129032258065,18.0903225806452,9.83548387096774,34.036,TRUE,NA,268.258064516129,55.0688387096774,219.292129032258,2.10098765432099,2.46129032258065,-2.90967741935484,-1.86451612903226
1981,4,10.0333333333333,26.1166666666667,18.5433333333333,10.414,TRUE,NA,275.533333333333,64.516,222.131466666667,1.18881278538813,4.73333333333333,0.716666666666669,3.14333333333333
1981,5,10.3806451612903,28.5225806451613,22.4766666666667,3.048,TRUE,NA,276.064516129032,65.024,223.372516129032,0.416963064295486,0.380645161290323,-1.67741935483871,2.37666666666667
1981,6,12.7433333333333,35.3566666666667,28.6333333333333,77.724,TRUE,NA,274,65.024,225.230266666667,6.89653948535936,-2.15666666666667,0.856666666666669,3.93333333333333
1981,7,13.8838709677419,32.4741935483871,23.9774193548387,81.28,TRUE,NA,274,65.024,279.59664516129,1.08200212992545,-4.31612903225806,-1.7258064516129,-2.22258064516129
1981,8,13.9612903225806,33.5645161290323,23.8935483870968,15.494,TRUE,NA,274,65.024,286.888903225806,0.238405908601323,-3.43870967741935,1.16451612903226,-1.00645161290322
1981,9,12.2066666666667,31.75,19.2933333333333,56.134,TRUE,NA,274,65.024,276.800733333333,1.74275069854083,-2.09333333333333,0.850000000000001,-3.30666666666667
1981,10,7.10645161290323,26.9935483870968,13.5129032258065,25.146,TRUE,NA,271.096774193548,64.3275483870968,291.960709677419,0.793249211356467,-0.893548387096774,0.793548387096774,-3.58709677419355
1981,11,4.48,22.12,7.44333333333333,1.016,TRUE,NA,266.466666666667,57.3278,297.18,0.0490584258812168,2.68,2.02,-3.45666666666667
1981,12,0.967741935483871,16.4838709677419,4.78064516129032,33.528,TRUE,NA,264.161290322581,78.6416774193548,297.507741935484,1.03290203327172,2.66774193548387,1.38387096774194,-1.91935483870968
1982,1,-0.145161290322581,13.5806451612903,4.54516129032258,25.654,TRUE,NA,254.58064516129,85.9749032258065,289.36335483871,1.12222222222222,1.35483870967742,-1.71935483870968,-2.35483870967742
1982,2,1.53571428571429,15.4821428571429,7.4,10.668,TRUE,NA,251.75,91.8482142857143,281.1145,0.544841675178754,1.63571428571429,-2.11785714285714,-1.4
1982,3,3.54838709677419,19.1451612903226,12.4,21.59,TRUE,NA,250.161290322581,82.1157419354839,277.392580645161,1.33271604938272,1.24838709677419,-1.85483870967742,0.700000000000001
1982,4,7.09,23.8166666666667,18.62,4.572,TRUE,NA,241.966666666667,81.026,276.622933333333,0.521917808219178,1.79,-1.58333333333333,3.22
1982,5,11.1935483870968,27.3870967741935,22.2741935483871,10.668,TRUE,NA,241.193548387097,80.518,284.988,1.4593707250342,1.19354838709677,-2.81290322580645,2.17419354838709
1982,6,15.8333333333333,33.9,28.1833333333333,4.318,TRUE,NA,244,80.518,277.105533333333,0.383141082519964,0.933333333333334,-0.600000000000001,3.48333333333333
1982,7,17.658064516129,32.458064516129,25.8129032258065,33.02,TRUE,NA,244,80.518,202.74935483871,0.439563365282215,-0.541935483870969,-1.74193548387097,-0.387096774193548
1982,8,17.4032258064516,31.0967741935484,23.758064516129,72.644,TRUE,NA,244,80.518,187.861677419355,1.11777196491768,0.00322580645161352,-1.30322580645161,-1.14193548387097
1982,9,14.3833333333333,29.05,21.2633333333333,66.802,TRUE,NA,244,80.518,237.49,2.07395218876125,0.0833333333333321,-1.85,-1.33666666666667
1982,10,7.80645161290323,25.2903225806452,14.6193548387097,0,TRUE,NA,245.967741935484,80.518,209.377935483871,0,-0.193548387096774,-0.909677419354839,-2.48064516129032
1982,11,3.11666666666667,15.2666666666667,6.99333333333333,67.056,TRUE,NA,248.633333333333,93.3873333333333,217.000666666667,3.23785610816031,1.31666666666667,-4.83333333333333,-3.90666666666667
1982,12,-0.838709677419355,9.5,2.02903225806452,140.678,TRUE,NA,244.451612903226,181.046967741935,221.414258064516,4.33388786198398,0.861290322580645,-5.6,-4.67096774193548
1983,1,-2.2258064516129,11.1516129032258,2.71290322580645,6.364,FALSE,NA,243.677419354839,228.302903225806,216.776709677419,0.278390201224847,-0.725806451612903,-4.14838709677419,-4.18709677419355
1983,2,-0.510714285714286,13.7785714285714,7.48888888888889,24.892,TRUE,NA,242.5,242.001714285714,213.858928571429,1.27129724208376,-0.410714285714286,-3.82142857142857,-1.31111111111111
1983,3,1.81612903225806,15.5258064516129,10.4096774193548,32.766,TRUE,NA,236.58064516129,237.293935483871,220.726,2.02259259259259,-0.483870967741935,-5.4741935483871,-1.29032258064516
1983,4,2.83333333333333,17.7333333333333,13.2733333333333,9.398,TRUE,NA,228.133333333333,249.768066666667,217.424,1.07283105022831,-2.46666666666667,-7.66666666666666,-2.12666666666667
1983,5,9.64516129032258,27.4129032258065,21.6677419354839,0.254,TRUE,NA,225,251.944,206.944451612903,0.0347469220246238,-0.35483870967742,-2.78709677419355,1.56774193548387
1983,6,14.1833333333333,31.9,27.1133333333333,0,TRUE,NA,225,251.944,206.104066666667,0,-0.716666666666667,-2.6,2.41333333333333
1983,7,16.5483870967742,32.0806451612903,25.4935483870968,88.9,TRUE,NA,225,251.944,224.839161290323,1.18343982960596,-1.65161290322581,-2.11935483870968,-0.706451612903226
1983,8,19.3064516129032,32.1935483870968,24.0096774193548,4.572,TRUE,NA,225,251.944,226.936709677419,0.0703492845053085,1.90645161290323,-0.206451612903223,-0.890322580645162
1983,9,17.12,29.6466666666667,21.2344827586207,128.868,TRUE,NA,225,251.944,177.772533333333,4.00086929524992,2.82,-1.25333333333333,-1.36551724137931
1983,10,12.4032258064516,23.1290322580645,13.858064516129,89.408,TRUE,NA,227.451612903226,251.944,324.488967741935,2.82044164037855,4.40322580645161,-3.07096774193548,-3.24193548387097
1983,11,5.76666666666667,18.4866666666667,7.29666666666667,45.72,TRUE,NA,235.433333333333,245.399266666667,346.664533333333,2.20762916465476,3.96666666666667,-1.61333333333333,-3.60333333333333
1983,12,0.987096774193548,14.5806451612903,5.48387096774194,27.432,TRUE,NA,237.516129032258,169.096709677419,343.932258064516,0.845101663585952,2.68709677419355,-0.519354838709678,-1.21612903225806
1984,1,-0.290322580645161,12.258064516129,4.16774193548387,25.7,TRUE,NA,239.548387096774,129.868129032258,347.209677419355,1.12423447069116,1.20967741935484,-3.04193548387097,-2.73225806451613
1984,2,-0.0517241379310345,15.7758620689655,7.58275862068966,0,TRUE,NA,239.034482758621,108.539034482759,347.246689655172,0,0.0482758620689655,-1.82413793103448,-1.21724137931035
1984,3,4.61290322580645,20.0483870967742,13.6935483870968,0,TRUE,NA,241.516129032258,97.2952258064516,336.07464516129,0,2.31290322580645,-0.951612903225808,1.99354838709677
1984,4,6.23333333333333,22.15,17.13,3.556,TRUE,NA,254.133333333333,77.4482666666667,338.206333333333,0.405936073059361,0.933333333333334,-3.25,1.73
1984,5,13.6483870967742,30.2741935483871,25.8387096774194,2.54,TRUE,NA,254.451612903226,75.8772903225806,339.958387096774,0.347469220246238,3.64838709677419,0.0741935483870968,5.73870967741935
1984,6,15.5966666666667,30.2333333333333,24.4433333333333,21.336,TRUE,NA,254,75.992,348.823533333333,1.89316770186335,0.696666666666667,-4.26666666666667,-0.256666666666668
1984,7,15.8967741935484,30.5032258064516,23.8129032258065,39.878,TRUE,NA,254,75.992,343.719225806452,0.530857294994675,-2.30322580645161,-3.69677419354839,-2.38709677419355
1984,8,15.2032258064516,28.3322580645161,22.4548387096774,78.486,TRUE,NA,254,75.992,350.954129032258,1.20766271734113,-2.19677419354839,-4.06774193548387,-2.44516129032258
1984,9,13.47,28.1333333333333,20.2466666666667,23.368,TRUE,NA,253.966666666667,75.992,358.237533333333,0.725488978578081,-0.83,-2.76666666666667,-2.35333333333334
1984,10,5.56774193548387,19.2258064516129,11.6451612903226,55.88,TRUE,NA,248.193548387097,80.1870967741935,233.008129032258,1.76277602523659,-2.43225806451613,-6.9741935483871,-5.45483870967742
1984,11,3.63333333333333,17.2833333333333,6.2,18.796,TRUE,NA,241.266666666667,89.2084666666667,212.4964,0.907580878802511,1.83333333333333,-2.81666666666667,-4.7
1984,12,0.816129032258065,12.0290322580645,4.41290322580645,78.74,TRUE,NA,240.483870967742,80.5885806451613,229.402967741935,2.42575477510783,2.51612903225806,-3.07096774193548,-2.28709677419355
1985,1,-0.332258064516129,9.19677419354839,1.99354838709677,22.104,TRUE,NA,240.258064516129,72.1018064516129,259.923935483871,0.966929133858268,1.16774193548387,-6.10322580645161,-4.90645161290323
1985,2,1.35714285714286,12.6428571428571,5.08571428571429,35.814,TRUE,NA,241.714285714286,96.3355,263.271,1.8291113381001,1.45714285714286,-4.95714285714286,-3.71428571428572
1985,3,4.75806451612903,17.258064516129,11.841935483871,9.398,TRUE,NA,247.451612903226,107.062903225806,278.302064516129,0.580123456790123,2.45806451612903,-3.74193548387097,0.141935483870968
1985,4,8.35,23.0166666666667,17.1966666666667,26.162,TRUE,NA,250.366666666667,111.274933333333,279.357666666667,2.9865296803653,3.05,-2.38333333333333,1.79666666666667
1985,5,12.4838709677419,27.4354838709677,22.03,0,TRUE,NA,251.548387096774,133.470709677419,277.56464516129,0,2.48387096774194,-2.76451612903226,1.93
1985,6,17.3,32.1333333333333,27.6266666666667,38.608,TRUE,NA,252,133.356,282.6512,3.42573203194321,2.4,-2.36666666666667,2.92666666666667
1985,7,18.0645161290323,31.8870967741935,25.558064516129,93.98,TRUE,NA,252,133.356,297.024322580645,1.2510649627263,-0.13548387096774,-2.31290322580645,-0.641935483870967
1985,8,17.058064516129,29.1774193548387,24.1161290322581,81.28,TRUE,NA,252,133.356,378.500967741935,1.25065394676104,-0.341935483870966,-3.22258064516129,-0.783870967741933
1985,9,13.7333333333333,26,18.9275862068966,71.12,TRUE,NA,252.033333333333,133.356,365.76,2.20800993480286,-0.566666666666668,-4.9,-3.67241379310345
1985,10,9.65483870967742,20.641935483871,13.0161290322581,106.426,TRUE,NA,257.258064516129,129.160903225806,436.830838709677,3.35728706624606,1.65483870967742,-5.55806451612903,-4.08387096774194
1985,11,4.70666666666667,16.4366666666667,7.36333333333333,12.192,TRUE,NA,260.8,113.273066666667,467.2584,0.588701110574602,2.90666666666667,-3.66333333333333,-3.53666666666667
1985,12,-1.44193548387097,14.0354838709677,2.61612903225806,7.62,TRUE,NA,264.451612903226,90.9543870967742,452.546064516129,0.234750462107209,0.258064516129032,-1.06451612903226,-4.08387096774194
1986,1,-0.387096774193548,21.741935483871,4.89032258064516,2.032,TRUE,NA,261,80.9491612903226,418.854193548387,0.0888888888888889,1.11290322580645,6.44193548387097,-2.00967741935484
1986,2,3.11428571428571,18.0642857142857,8.33571428571429,24.892,TRUE,NA,262.678571428571,72.5442142857143,416.941,1.27129724208376,3.21428571428571,0.464285714285712,-0.464285714285715
1986,3,4.7258064516129,19.5451612903226,12.8129032258065,33.288,FALSE,NA,260.387096774194,84.7690967741935,401.942709677419,2.05481481481481,2.4258064516129,-1.45483870967742,1.11290322580645
1986,4,8.84333333333333,24.73,18.1566666666667,0,TRUE,NA,258.3,95.1454666666667,398.78,0,3.54333333333333,-0.669999999999998,2.75666666666667
1986,5,12.4677419354839,27.9032258064516,22.5612903225806,5.842,TRUE,NA,260,72.658,400.484258064516,0.799179206566347,2.46774193548387,-2.29677419354839,2.46129032258064
1986,6,16.85,30.95,25.6066666666667,13.462,TRUE,NA,260,72.658,397.679333333333,1.19449866903283,1.95,-3.55,0.906666666666666
1986,7,17.0967741935484,28.6774193548387,23.9774193548387,68.326,TRUE,NA,260,72.658,398.132709677419,0.909558040468583,-1.10322580645161,-5.52258064516129,-2.22258064516129
1986,8,17.6774193548387,29.5,22.8193548387097,62.992,TRUE,NA,260,72.658,315.492580645161,0.969256808739806,0.27741935483871,-2.9,-2.08064516129032
1986,9,14.15,27.5366666666667,19.4333333333333,40.386,TRUE,NA,260,72.658,315.053133333333,1.25383421297734,-0.15,-3.36333333333333,-3.16666666666667
1986,10,8.31290322580645,21.8967741935484,12.5322580645161,62.738,TRUE,NA,259.548387096774,72.658,281.554903225806,1.9791167192429,0.312903225806451,-4.30322580645161,-4.56774193548387
1986,11,2.34333333333333,14.2466666666667,6.65,6.096,TRUE,NA,254.266666666667,71.5234666666667,261.62,0.294350555287301,0.543333333333333,-5.85333333333334,-4.25
1986,12,1.75806451612903,10.2096774193548,2.24516129032258,11.176,TRUE,NA,253.290322580645,69.6427741935484,261.62,0.34430067775724,3.45806451612903,-4.89032258064516,-4.45483870967742
1987,1,-3.66451612903226,12.1322580645161,2.66451612903226,2.308,FALSE,NA,254.806451612903,68.3325161290323,261.611806451613,0.100962379702537,-2.16451612903226,-3.16774193548387,-4.23548387096774
1987,2,1.96785714285714,15.35,5.63928571428571,23.876,FALSE,NA,253.071428571429,56.2062857142857,261.892142857143,1.2194075587334,2.06785714285714,-2.25,-3.16071428571429
1987,3,4.85161290322581,18.4451612903226,10.041935483871,3.556,TRUE,NA,253.516129032258,51.4272903225806,262.857225806452,0.219506172839506,2.55161290322581,-2.55483870967742,-1.65806451612903
1987,4,8.77333333333333,22.62,16.7766666666667,17.78,TRUE,NA,251.866666666667,40.1794,268.139333333333,2.0296803652968,3.47333333333333,-2.78,1.37666666666667
1987,5,11.7096774193548,26.0032258064516,18.6193548387097,9.652,TRUE,NA,253,40.408,280.522516129032,1.3203830369357,1.70967741935484,-4.19677419354839,-1.48064516129032
1987,6,15.3233333333333,31.45,25.7566666666667,7.62,TRUE,NA,253,40.408,280.221266666667,0.676131322094055,0.423333333333334,-3.05,1.05666666666667
1987,7,19.8677419354839,33.8806451612903,26.1064516129032,89.408,TRUE,NA,253,40.408,245.077225806452,1.190202342918,1.66774193548387,-0.319354838709678,-0.0935483870967744
1987,8,17.4483870967742,30.2354838709677,22.1709677419355,53.594,TRUE,NA,253,40.408,287.265806451613,0.824649946145561,0.0483870967741957,-2.16451612903226,-2.72903225806451
1987,9,15.2066666666667,27.68,18.7033333333333,46.482,TRUE,NA,253,40.408,303.826333333333,1.44309220738901,0.906666666666666,-3.22,-3.89666666666667
1987,10,11.8129032258065,25.8258064516129,15.1064516129032,12.7,TRUE,NA,253.516129032258,40.408,259.612580645161,0.400630914826498,3.81290322580645,-0.374193548387098,-1.99354838709678
1987,11,6.29666666666667,20.6333333333333,6.29666666666667,5.08,TRUE,NA,262.633333333333,40.408,246.041333333333,0.245292129406084,4.49666666666667,0.533333333333331,-4.60333333333333
1987,12,3.13225806451613,14.5709677419355,2.70322580645161,49.53,TRUE,NA,269.838709677419,37.8188387096774,257.515032258065,1.52587800369686,4.83225806451613,-0.529032258064516,-3.99677419354839
1988,1,0.474193548387097,14.3774193548387,2.98387096774194,22.352,TRUE,NA,277.516129032258,52.6156774193548,280.186580645161,0.977777777777778,1.9741935483871,-0.922580645161291,-3.91612903225806
1988,2,2.73793103448276,15.5551724137931,8.06551724137931,33.274,TRUE,NA,278.172413793103,71.3915172413793,286.713448275862,1.69938712972421,2.83793103448276,-2.0448275862069,-0.73448275862069
1988,3,8.85806451612903,24.141935483871,11.98,6.096,TRUE,NA,282.161290322581,63.5,291.485483870968,0.376296296296296,6.55806451612903,3.14193548387097,0.280000000000001
1988,4,13.35,26.62,16.4933333333333,22.606,TRUE,NA,289.766666666667,59.5884,296.147066666667,2.58059360730594,8.05,1.22,1.09333333333333
1988,5,14.9161290322581,29.8935483870968,23.341935483871,0.254,TRUE,NA,290,59.436,294.795677419355,0.0347469220246238,4.91612903225806,-0.306451612903224,3.24193548387097
1988,6,17.6433333333333,32.6066666666667,27.1133333333333,24.384,TRUE,NA,290,59.436,287.9598,2.16362023070098,2.74333333333333,-1.89333333333333,2.41333333333333
1988,7,20.3,31.9935483870968,23.6774193548387,76.708,TRUE,NA,290,59.436,331.363483870968,1.02113951011715,2.1,-2.20645161290323,-2.52258064516129
1988,8,18.8193548387097,29.8161290322581,21.5709677419355,156.464,TRUE,NA,290,59.436,375.420193548387,2.407508847515,1.41935483870968,-2.58387096774193,-3.32903225806452
1988,9,14.93,28.2866666666667,17.95,30.734,TRUE,NA,290,59.436,390.7536,0.95417572182552,0.629999999999999,-2.61333333333333,-4.65
1988,10,12.9161290322581,25.9838709677419,12.6,61.722,TRUE,NA,290.516129032258,59.436,406.662193548387,1.94706624605678,4.91612903225806,-0.216129032258063,-4.5
1988,11,6.15333333333333,20.76,5.99666666666667,8.89,TRUE,NA,290.033333333333,60.9176666666667,425.0944,0.429261226460647,4.35333333333333,0.66,-4.90333333333333
1988,12,1.86129032258065,14.0677419354839,0.983333333333333,16.256,TRUE,NA,282.387096774194,73.0536774193548,409.013741935484,0.500800985828712,3.56129032258065,-1.03225806451613,-5.71666666666667
1989,1,2.47096774193548,14.7903225806452,2.36451612903226,30.226,TRUE,NA,278.483870967742,84.4509032258064,387.309032258065,1.32222222222222,3.97096774193548,-0.509677419354839,-4.53548387096774
1989,2,5.38928571428571,17.95,8.175,6.842,TRUE,NA,285.428571428571,68.0447857142857,379.994714285714,0.349438202247191,5.48928571428571,0.349999999999998,-0.625
1989,3,6.41935483870968,23.0387096774194,13.9645161290323,19.624,TRUE,NA,287.935483870968,63.4730322580645,380.304709677419,1.21135802469136,4.11935483870968,2.03870967741936,2.26451612903226
1989,4,13.4766666666667,28.7933333333333,21.2066666666667,0,TRUE,NA,285,63.744,380.645133333333,0,8.17666666666667,3.39333333333333,5.80666666666667
1989,5,14.9387096774194,30.4451612903226,24.5322580645161,2.794,TRUE,NA,285,63.744,369.343225806452,0.382216142270862,4.93870967741936,0.245161290322581,4.43225806451613
1989,6,17.7583333333333,35.3976666666667,27.7731891025641,0,TRUE,NA,285,63.744,366.742866666667,0,2.85833333333333,0.897666666666666,3.0731891025641
1989,7,19.62,35.01,27.015685483871,93.218,TRUE,NA,285,63.744,329.235806451613,1.24092119275825,1.42,0.809999999999995,0.815685483870968
1989,8,17.7990322580645,30.9909677419355,23.9493279569892,24.13,TRUE,NA,285,63.744,264.818129032258,0.371287890444684,0.399032258064516,-1.40903225806451,-0.950672043010751
1989,9,15.1066666666667,31.347,22.9512222222222,15.494,TRUE,NA,285,63.744,224.375866666667,0.481030735796336,0.806666666666665,0.447000000000003,0.351222222222219
1989,10,9.92877419354839,25.5554838709677,17.3419663978495,28.702,TRUE,NA,284.741935483871,63.744,206.512838709677,0.905425867507886,1.92877419354839,-0.644516129032258,0.24196639784946
1989,11,4.00686666666667,20.763,11.9850055555556,0,TRUE,NA,279.9,62.2623333333333,182.432,0,2.20686666666667,0.662999999999997,1.08500555555555
1989,12,-1.12864516129032,14.9406451612903,6.07656317204301,2.286,TRUE,NA,277.032258064516,43.850064516129,182.432,0.0704251386321627,0.571354838709677,-0.159354838709676,-0.623436827956989
1990,1,-1.10509677419355,14.8443870967742,6.27597446236559,11.43,TRUE,NA,273.516129032258,24.038064516129,182.358258064516,0.5,0.394903225806452,-0.455612903225807,-0.624025537634409
1990,2,0.301285714285714,15.9096428571429,7.83427976190476,20.32,TRUE,NA,266.142857142857,30.0164285714286,183.899928571429,1.03779366700715,0.401285714285714,-1.69035714285714,-0.965720238095239
1990,3,5.756,20.7906451612903,13.2621935483871,4.064,TRUE,NA,257.193548387097,27.4489677419355,185.101935483871,0.250864197530864,3.456,-0.209354838709679,1.5621935483871
1990,4,10.0393333333333,26.148,18.5582291666667,3.556,TRUE,NA,257.066666666667,27.178,176.089733333333,0.405936073059361,4.73933333333333,0.748000000000001,3.15822916666667
1990,5,12.681935483871,29.2377419354839,21.7627392473118,3.556,TRUE,NA,256.064516129032,27.178,181.028258064516,0.486456908344733,2.68193548387097,-0.962258064516128,1.66273924731183
1990,6,20.1596666666667,37.456,29.4534861111111,16.764,TRUE,NA,256,27.178,185.868733333333,1.48748890860692,5.25966666666667,2.956,4.75348611111111
1990,7,18.7570967741935,31.6709677419355,24.5805241935484,83.058,TRUE,NA,256,27.178,216.768516129032,1.10567092651757,0.55709677419355,-2.52903225806452,-1.61947580645161
1990,8,17.0896774193548,29.7335483870968,22.9292338709677,63.5,TRUE,NA,256,27.178,218.980774193548,0.977073395907063,-0.31032258064516,-2.66645161290322,-1.97076612903226
1990,9,16.8453333333333,29.879,23.1101666666667,46.228,TRUE,NA,256,27.178,229.167266666667,1.43520645762186,2.54533333333333,-1.021,0.510166666666667
1990,10,9.63538709677419,25.9477419354839,17.6300161290323,12.446,TRUE,NA,254.870967741935,27.178,244.028451612903,0.392618296529968,1.63538709677419,-0.252258064516127,0.530016129032255
1990,11,4.3897,18.9803333333333,11.3182083333333,49.784,TRUE,NA,253.833333333333,50.0464666666667,245.702666666667,2.40386286817962,2.5897,-1.11966666666667,0.418208333333332
1990,12,-0.304161290322581,13.2389032258065,5.71697715053763,26.924,TRUE,NA,256.870967741935,71.292064516129,255.286387096774,0.829451632778805,1.39583870967742,-1.86109677419355,-0.983022849462365
1991,1,0.79158064516129,13.6011935483871,6.51977284946237,23.876,TRUE,NA,260.870967741935,77.5683225806452,271.771806451613,1.04444444444444,2.29158064516129,-1.6988064516129,-0.380227150537634
1991,2,3.50910714285714,17.6989285714286,10.3266666666667,25.654,TRUE,NA,263.464285714286,70.2491428571429,281.286857142857,1.31021450459653,3.60910714285714,0.0989285714285693,1.52666666666667
1991,3,2.27490322580645,17.7254838709677,10.261314516129,25.654,TRUE,NA,265.483870967742,74.5858709677419,296.229548387097,1.58358024691358,-0.0250967741935484,-3.27451612903226,-1.43868548387097
1991,4,7.23133333333333,24.7526666666667,16.6801875,0,TRUE,NA,258.033333333333,82.804,297.366266666667,0,1.93133333333333,-0.647333333333332,1.2801875
1991,5,11.9132580645161,29.7587096774194,21.5947795698925,6.096,TRUE,NA,256,82.804,291.39535483871,0.833926128590971,1.91325806451613,-0.441290322580645,1.49477956989247
1991,6,15.868,33.0173333333333,24.8289861111111,17.526,TRUE,NA,256,82.804,300.930733333333,1.55510204081633,0.968,-1.48266666666667,0.128986111111111
1991,7,18.6341935483871,32.8074193548387,25.2357123655914,61.214,TRUE,NA,256,82.804,276.794451612903,0.814882854100106,0.434193548387096,-1.3925806451613,-0.964287634408603
1991,8,18.1625806451613,32.2209677419355,24.5694220430108,43.688,TRUE,NA,256,82.804,257.49864516129,0.672226496384059,0.762580645161293,-0.179032258064517,-0.330577956989245
1991,9,15.3143333333333,28.8523333333333,21.7136111111111,37.084,TRUE,NA,256,82.804,264.244666666667,1.15131946600435,1.01433333333333,-2.04766666666666,-0.886388888888892
1991,10,6.01741935483871,24.431935483871,17.2834006410256,18.7,FALSE,NA,251.258064516129,85.1523870967742,235.664,0.589905362776025,-1.98258064516129,-1.76806451612903,0.183400641025639
1991,11,-2.77666666666667,14.2633333333333,8.06,31.3,FALSE,NA,235.433333333333,80.0155333333333,241.883333333333,1.51134717527764,-4.57666666666667,-5.83666666666667,-2.84
1991,12,0.713064516129032,11.6768387096774,6.2205,104.17,FALSE,NA,231.903225806452,90.179935483871,266.165870967742,3.20918052988293,2.41306451612903,-3.42316129032258,-0.4795
1992,1,-0.432806451612903,10.7735483870968,4.88399596774194,22.352,TRUE,NA,230.290322580645,124.822258064516,270.557612903226,0.977777777777778,1.0671935483871,-4.52645161290323,-2.01600403225807
1992,2,3.38548275862069,15.7975862068966,9.32318678160919,16.002,TRUE,NA,231.413793103448,122.907793103448,271.160827586207,0.817262512768131,3.48548275862069,-1.80241379310345,0.523186781609194
1992,3,5.08,18.7058064516129,11.6878333333333,43.434,TRUE,NA,234.258064516129,119.889741935484,266.616516129032,2.68111111111111,2.78,-2.2941935483871,-0.0121666666666655
1992,4,9.89273333333333,26.6413333333333,18.5102888888889,1.524,TRUE,NA,243.633333333333,112.958,290.123533333333,0.173972602739726,4.59273333333333,1.24133333333333,3.11028888888889
1992,5,12.2693548387097,26.1593548387097,18.8161559139785,70.104,TRUE,NA,245.967741935484,112.958,326.380258064516,9.59015047879617,2.26935483870968,-4.04064516129032,-1.28384408602151
1992,6,16.3103333333333,34.1686666666667,25.7697361111111,10.16,TRUE,NA,246,112.958,349.1362,0.90150842945874,1.41033333333333,-0.331333333333333,1.06973611111111
1992,7,18.4383870967742,34.03,26.0222311827957,52.07,TRUE,NA,246,112.958,345.749806451613,0.693157614483493,0.238387096774193,-0.170000000000002,-0.177768817204299
1992,8,17.2225806451613,31.3077419354839,24.3207392473118,63.772,FALSE,NA,246,112.958,349.069935483871,0.98125865517772,-0.177419354838708,-1.09225806451613,-0.579260752688171
1992,9,9.42633333333333,27.8673333333333,24.463287037037,34,FALSE,NA,245.766666666667,112.958,350.485066666667,1.05557280347718,-4.87366666666667,-3.03266666666666,1.86328703703704
1992,10,12.1613225806452,27.7845161290323,19.2180524193548,10.414,TRUE,NA,251.741935483871,110.106387096774,356.200322580645,0.328517350157729,4.16132258064516,1.58451612903226,2.11805241935484
1992,11,1.89763333333333,17.1906666666667,9.07928194444444,6.604,TRUE,NA,268.366666666667,94.1624,351.574,0.318879768227909,0.0976333333333332,-2.90933333333334,-1.82071805555556
1992,12,1.26616129032258,12.7402580645161,6.50441666666667,46.736,TRUE,NA,268.225806451613,88.2772903225807,333.418451612903,1.43980283425755,2.96616129032258,-2.35974193548387,-0.195583333333333
1993,1,2.87029032258065,14.1422580645161,8.08462365591398,59.436,TRUE,NA,274.451612903226,49.9724516129032,345.823483870968,2.6,4.37029032258065,-1.15774193548387,1.18462365591398
1993,2,2.13771428571429,15.3889285714286,8.39824702380952,19.05,TRUE,NA,273.142857142857,50.1105714285714,360.2175,0.972931562819203,2.23771428571429,-2.21107142857143,-0.401752976190476
1993,3,4.46764516129032,20.9135483870968,12.7133239247312,5.588,TRUE,NA,269.096774193548,49.1612903225806,351.591741935484,0.344938271604938,2.16764516129032,-0.0864516129032253,1.01332392473118
1993,4,8.62943333333333,26.129,17.8405916666667,0,TRUE,NA,264.733333333333,48.26,329.682466666667,0,3.32943333333333,0.729000000000003,2.44059166666666
1993,5,13.5287096774194,30.3635483870968,22.2314919354839,11.176,TRUE,NA,264,48.26,295.744516129032,1.52886456908345,3.52870967741936,0.163548387096775,2.13149193548387
1993,6,17.722,35.77,27.4874166666667,0,TRUE,NA,264,48.26,265.2596,0,2.822,1.27,2.78741666666667
1993,7,19.4577419354839,34.02,26.5495833333333,16.51,TRUE,NA,264,48.26,244.215290322581,0.219781682641108,1.25774193548387,-0.18,0.349583333333335
1993,8,18.9167741935484,31.7554838709677,24.5364516129032,46.736,TRUE,NA,264,48.26,194.855612903226,0.719126019387598,1.51677419354839,-0.644516129032258,-0.363548387096774
1993,9,15.4403333333333,31.5086666666667,23.3320416666667,1.27,TRUE,NA,264.233333333333,48.26,192.6468,0.0394287488357653,1.14033333333333,0.608666666666668,0.732041666666664
1993,10,10.1636451612903,25.3074193548387,17.292560483871,6.35,TRUE,NA,264.387096774194,48.26,175.972838709677,0.200315457413249,2.16364516129032,-0.892580645161289,0.192560483870967
1993,11,3.51403333333333,18.7396666666667,10.6339583333333,28.448,TRUE,NA,262.5,61.6119333333333,171.534666666667,1.37363592467407,1.71403333333333,-1.36033333333333,-0.266041666666666
1993,12,1.26351612903226,15.0025806451613,7.48973655913978,13.208,TRUE,NA,265.645161290323,50.0543870967742,156.455806451613,0.406900800985829,2.96351612903226,-0.0974193548387099,0.789736559139785
1994,1,0.50841935483871,16.4632580645161,7.86737903225806,3.302,TRUE,NA,261.58064516129,48.5549677419355,124.722193548387,0.144444444444444,2.00841935483871,1.16325806451613,0.967379032258064
1994,2,2.10321428571429,16.9575,9.14071279761905,13.97,TRUE,NA,260.607142857143,45.5204285714286,107.2515,0.713483146067416,2.20321428571429,-0.642500000000002,0.340712797619046
1994,3,6.27554838709677,20.8829032258065,13.4650403225806,14.986,TRUE,NA,265.258064516129,48.9318709677419,104.475935483871,0.925061728395062,3.97554838709677,-0.117096774193548,1.76504032258065
1994,4,9.35976666666667,25.4676666666667,17.8435305555556,3.556,TRUE,NA,267.7,53.594,103.310266666667,0.405936073059361,4.05976666666667,0.0676666666666677,2.44353055555556
1994,5,13.3754838709677,29.9696774193548,22.1747446236559,3.048,TRUE,NA,267,53.594,104.762709677419,0.416963064295486,3.37548387096774,-0.230322580645161,2.07474462365591
1994,6,21.029,37.5033333333333,29.574125,3.556,TRUE,NA,267,53.594,99.1700666666667,0.315527950310559,6.129,3.00333333333333,4.874125
1994,7,20.9435483870968,36.2625806451613,28.6592607526882,18.796,TRUE,NA,267,53.594,99.1910967741936,0.250212992545261,2.74354838709677,2.06258064516129,2.45926075268817
1994,8,20.4177419354839,35.2954838709677,27.4154838709677,32.004,TRUE,NA,267,53.594,112.628516129032,0.49244499153716,3.01774193548387,2.89548387096774,2.51548387096774
1994,9,17.487,31.428,24.1371944444444,26.924,TRUE,NA,267,53.594,110.202133333333,0.835889475318224,3.187,0.528000000000002,1.53719444444444
1994,10,10.6399677419355,25.4525806451613,17.8903575268817,13.208,TRUE,NA,267.129032258065,53.594,118.118193548387,0.416656151419558,2.63996774193548,-0.747419354838708,0.790357526881721
1994,11,3.8682,17.7406666666667,10.4900513888889,63.754,TRUE,NA,270.366666666667,40.3098,161.916533333333,3.07841622404635,2.0682,-2.35933333333334,-0.409948611111112
1994,12,2.40125806451613,14.1483870967742,7.73731586021505,77.47,TRUE,NA,271.709677419355,32.2743870967742,214.474322580645,2.38662969808996,4.10125806451613,-0.951612903225806,1.03731586021505
1995,1,1.27509677419355,13.7814838709677,6.90587231182796,21.082,TRUE,NA,271.612903225806,50.0953548387097,240.710064516129,0.922222222222222,2.77509677419355,-1.51851612903226,0.00587231182795644
1995,2,5.21853571428571,18.3932142857143,11.46746875,21.336,TRUE,NA,277.428571428571,48.6863571428571,242.669785714286,1.08968335035751,5.31853571428571,0.793214285714285,2.66746875
1995,3,4.62341935483871,20.1212903225806,12.4989153225806,16.002,TRUE,NA,282.225806451613,42.7621290322581,261.259483870968,0.987777777777778,2.32341935483871,-0.878709677419355,0.798915322580646
1995,4,6.36933333333333,24.0573333333333,15.6641972222222,1.778,TRUE,NA,276.3,38.5064,262.2042,0.20296803652968,1.06933333333333,-1.34266666666667,0.264197222222222
1995,5,11.3649032258065,27.9054838709677,20.5527916666667,2.286,TRUE,NA,273.161290322581,39.116,260.366387096774,0.312722298221614,1.36490322580645,-2.29451612903226,0.452791666666666
1995,6,16.7843333333333,34.13,26.2183611111111,0.254,TRUE,NA,273,39.116,257.7084,0.0225377107364685,1.88433333333333,-0.369999999999997,1.51836111111111
1995,7,19.7832258064516,35.6593548387097,27.8009005376344,38.862,TRUE,NA,273,39.116,267.527548387097,0.517332268370607,1.58322580645161,1.45935483870967,1.60090053763441
1995,8,20.0038709677419,34.9948387096774,27.2250672043011,28.194,TRUE,NA,273,39.116,271.78,0.433820587782736,2.60387096774194,2.59483870967742,2.32506720430108
1995,9,16.534,30.8736666666667,23.3710416666667,73.406,TRUE,NA,273,39.116,284.7848,2.27898168270723,2.234,-0.0263333333333335,0.771041666666665
1995,10,10.7007741935484,28.5854838709677,19.3218548387097,2.286,TRUE,NA,273.483870967742,39.116,311.764516129032,0.0721135646687697,2.70077419354839,2.38548387096774,2.22185483870967
1995,11,6.50366666666667,22.6086666666667,14.0018819444444,5.334,TRUE,NA,280.633333333333,37.2872,271.204266666667,0.257556735876388,4.70366666666667,2.50866666666666,3.10188194444444
1995,12,1.98367741935484,17.615,8.57502985979338,4.572,TRUE,NA,291.258064516129,31.0863225806452,219.070903225806,0.140850277264325,3.68367741935484,2.515,1.87502985979338
1996,1,1.09183870967742,17.6050322580645,8.82622822580645,0.508,TRUE,NA,289.032258064516,6.5958064516129,192.359935483871,0.0222222222222222,2.59183870967742,2.30503225806451,1.92622822580645
1996,2,5.41358620689655,19.6893103448276,12.3962586206897,7.366,TRUE,NA,291.793103448276,5.03620689655172,185.66524137931,0.376200204290092,5.51358620689655,2.08931034482758,3.59625862068965
1996,3,4.62503225806452,21.3974193548387,13.2732177419355,0.254,TRUE,NA,287.129032258065,6.49748387096774,161.773419354839,0.015679012345679,2.32503225806452,0.397419354838711,1.57321774193549
1996,4,9.67366666666667,26.3,18.5022486111111,4.318,TRUE,NA,291.3,6.16373333333333,161.764133333333,0.492922374429224,4.37366666666667,0.900000000000002,3.10224861111111
1996,5,15.5529032258065,33.2935483870968,25.2761021505376,0,TRUE,NA,295.870967741935,5.588,159.766,0,5.55290322580645,3.09354838709678,5.17610215053763
1996,6,19.0516666666667,35.5893333333333,27.7244027777778,61.468,TRUE,NA,296,5.588,185.453866666667,5.45412599822538,4.15166666666667,1.08933333333334,3.02440277777778
1996,7,19.9041935483871,34.8890322580645,26.6607795698925,79.248,TRUE,NA,296,5.588,234.212580645161,1.05495207667732,1.7041935483871,0.689032258064515,0.460779569892473
1996,8,18.5154838709677,32.7535483870968,25.3433602150538,17.78,TRUE,NA,296,5.588,257.801806451613,0.273580550853978,1.11548387096774,0.353548387096772,0.443360215053765
1996,9,14.9606666666667,29.2966666666667,21.6395277777778,38.608,TRUE,NA,296,5.588,233.798533333333,1.19863396460726,0.660666666666666,-1.60333333333333,-0.960472222222222
1996,10,10.1704838709677,25.2590322580645,17.6464287634409,49.276,TRUE,NA,294.451612903226,8.79987096774194,226.215677419355,1.55444794952681,2.17048387096774,-0.940967741935484,0.546428763440858
1996,11,4.95403333333333,19.977,11.9093972222222,6.858,TRUE,NA,284.6,20.2692,244.974533333333,0.331144374698213,3.15403333333333,-0.123000000000001,1.00939722222222
1996,12,1.18138709677419,17.026,8.44132392473118,0,TRUE,NA,273.290322580645,22.941935483871,244.806838709677,0,2.88138709677419,1.926,1.74132392473118
1997,1,0.692354838709677,13.5568709677419,6.61521505376344,25.908,TRUE,NA,277.774193548387,31.3157419354839,253.000387096774,1.13333333333333,2.19235483870968,-1.74312903225806,-0.284784946236559
1997,2,1.51896428571429,15.94125,8.52273214285714,40.64,TRUE,NA,267.214285714286,43.8603571428571,250.217214285714,2.0755873340143,1.61896428571429,-1.65875,-0.277267857142858
1997,3,6.58203225806452,23.0167741935484,14.5775806451613,3.048,TRUE,NA,262.41935483871,73.0045161290323,251.77135483871,0.188148148148148,4.28203225806452,2.01677419354839,2.87758064516129
1997,4,7.9193,23.7193333333333,16.4093138888889,2.794,TRUE,NA,264.933333333333,72.9572666666667,251.138266666667,0.318949771689498,2.6193,-1.68066666666666,1.00931388888889
1997,5,15.3725806451613,31.2896774193548,23.2361424731183,29.718,TRUE,NA,264,73.152,269.575935483871,4.06538987688099,5.37258064516129,1.08967741935484,3.13614247311828
1997,6,17.5373333333333,34.4346666666667,26.8163888888889,4.572,TRUE,NA,264,73.152,260.307666666667,0.405678793256433,2.63733333333333,-0.065333333333335,2.11638888888889
1997,7,19.6883870967742,34.8422580645161,27.09375,35.814,TRUE,NA,264,73.152,199.496516129032,0.476757188498403,1.48838709677419,0.642258064516128,0.893750000000001
1997,8,18.9038709677419,33.2209677419355,25.5070295698925,39.116,TRUE,NA,264,73.152,198.841032258065,0.601877211878751,1.50387096774194,0.820967741935483,0.607029569892475
1997,9,18.1373333333333,32.42,24.7961666666667,27.178,TRUE,NA,264,73.152,195.283666666667,0.843775225085377,3.83733333333333,1.52,2.19616666666666
1997,10,8.82841935483871,25.188064516129,16.778439516129,9.144,TRUE,NA,264.258064516129,69.9401290322581,187.787935483871,0.288454258675079,0.82841935483871,-1.01193548387097,-0.321560483870968
1997,11,5.15423333333333,19.5983333333333,11.8062013888889,17.526,TRUE,NA,268.1,58.5216,175.370066666667,0.84625784645099,3.35423333333333,-0.501666666666669,0.906201388888888
1997,12,-0.762677419354839,11.2303870967742,4.64490725806452,50.292,TRUE,NA,267.032258064516,74.6186451612903,186.534322580645,1.54935304990758,0.937322580645161,-3.86961290322581,-2.05509274193548
1998,1,1.02161290322581,16.3258064516129,8.09369086021505,1.27,TRUE,NA,260.870967741935,87.7529032258064,180.118774193548,0.0555555555555556,2.52161290322581,1.0258064516129,1.19369086021505
1998,2,1.14914285714286,13.9885714285714,6.98315029761905,30.48,TRUE,NA,258.857142857143,93.5899285714286,177.636714285714,1.55669050051073,1.24914285714286,-3.61142857142857,-1.81684970238095
1998,3,3.59232258064516,19.1719677419355,11.0856075268817,28.956,TRUE,NA,252.677419354839,78.5843225806452,181.650967741935,1.78740740740741,1.29232258064516,-1.82803225806452,-0.614392473118279
1998,4,5.95743333333333,22.7146666666667,14.7816888888889,1.016,TRUE,NA,239.566666666667,90.6187333333333,186.292066666667,0.115981735159817,0.657433333333334,-2.68533333333333,-0.618311111111112
1998,5,4.87548387096774,26.5483870967742,24.0087544802867,0,FALSE,NA,229.129032258065,90.424,167.558064516129,0,-5.12451612903226,-3.65161290322581,3.90875448028674
1998,6,8.49655172413793,30.6448275862069,28.7103448275862,4.3,FALSE,NA,218.9,90.424,153.9882,0.381543921916593,-6.40344827586207,-3.8551724137931,4.01034482758621
1998,7,14.0677419354839,29.3677419354839,25.5709677419355,138.9,FALSE,NA,217,90.424,233.600967741935,1.84904153354633,-4.13225806451613,-4.83225806451613,-0.629032258064516
1998,8,14.8758064516129,30.5383870967742,26.4617483457403,52.358,FALSE,NA,217,90.424,261.364838709677,0.805631635636252,-2.5241935483871,-1.8616129032258,1.56174834574028
1998,9,18.0046666666667,33.0726666666667,25.4961111111111,9.398,TRUE,NA,217,90.424,266.610266666667,0.291772741384663,3.70466666666666,2.17266666666667,2.89611111111111
1998,10,11.6230967741935,26.3293548387097,18.7663602150538,27.94,TRUE,NA,217.806451612903,90.424,251.421612903226,0.881388012618296,3.62309677419355,0.129354838709677,1.66636021505376
1998,11,5.54693333333333,21.1353333333333,12.9632875,13.208,TRUE,NA,221.433333333333,90.6102666666667,265.3826,0.637759536455818,3.74693333333333,1.03533333333333,2.0632875
1998,12,0.909612903225806,15.1278709677419,7.54111693548387,12.192,TRUE,NA,225.387096774194,80.436064516129,260.672129032258,0.375600739371534,2.60961290322581,0.0278709677419364,0.841116935483871
1999,1,1.81212903225806,18.1474193548387,9.29159811827957,0,TRUE,NA,231.838709677419,60.0914838709677,258.853161290323,0,3.31212903225806,2.84741935483871,2.39159811827957
1999,2,2.77285714285714,20.7275,11.5464806547619,0,TRUE,NA,238.785714285714,41.148,258.749571428571,0,2.87285714285714,3.1275,2.7464806547619
1999,3,5.26416129032258,23.0851612903226,14.2989596774194,1.778,TRUE,NA,249.612903225806,26.416,252.863677419355,0.109753086419753,2.96416129032258,2.08516129032258,2.59895967741936
1999,4,6.99066666666667,23.7086666666667,15.8747722222222,3.556,TRUE,NA,253.833333333333,18.5504666666667,245.0626,0.405936073059361,1.69066666666667,-1.69133333333333,0.474772222222223
1999,5,13.7237419354839,30.5516129032258,22.7414798387097,0,TRUE,NA,261.903225806452,18.796,244.834,0,3.72374193548387,0.351612903225806,2.64147983870967
1999,6,16.9118,33.9816666666667,25.7703111111111,3.81,TRUE,NA,272.1,18.796,242.873266666667,0.338065661047028,2.0118,-0.518333333333331,1.07031111111111
1999,7,18.918064516129,31.1561290322581,24.4175940860215,91.694,TRUE,NA,274,18.796,211.770129032258,1.22063365282215,0.718064516129033,-3.04387096774194,-1.78240591397849
1999,8,18.1,31.6148387096774,24.2507795698925,102.108,TRUE,NA,274,18.796,244.376322580645,1.57113402061856,0.700000000000003,-0.785161290322581,-0.649220430107526
1999,9,15.8293333333333,30.98,22.9927361111111,39.624,TRUE,NA,274,18.796,266.632266666667,1.23017696367588,1.52933333333333,0.0800000000000018,0.392736111111109
1999,10,9.94564516129032,27.9209677419355,18.717126344086,0.254,TRUE,NA,272.709677419355,18.796,272.73864516129,0.00801261829652997,1.94564516129032,1.72096774193549,1.61712634408602
1999,11,6.28503333333333,24.105,14.6327138888889,0,TRUE,NA,269.966666666667,18.5589333333333,245.863533333333,0,4.48503333333333,4.005,3.73271388888889
1999,12,0.0548387096774194,14.2720967741935,6.69621102150538,4.318,TRUE,NA,269.032258064516,9.63561290322581,237.809548387097,0.133025261860752,1.75483870967742,-0.827903225806452,-0.00378897849462412
2000,1,1.83841935483871,18.5406451612903,9.51425940860215,0.508,TRUE,NA,265.322580645161,10.1436129032258,237.49,0.0222222222222222,3.33841935483871,3.24064516129032,2.61425940860215
2000,2,3.12631034482759,20.3562068965517,11.7604238505747,0.254,TRUE,NA,268.758620689655,10.16,237.560068965517,0.0129724208375894,3.22631034482759,2.75620689655172,2.96042385057471
2000,3,4.55109677419355,21.4977419354839,13.2258198924731,5.588,TRUE,NA,267.483870967742,10.8154838709677,238.538774193548,0.344938271604938,2.25109677419355,0.497741935483869,1.52581989247312
2000,4,10.7168333333333,28.1706666666667,19.8930652777778,0,TRUE,NA,273.266666666667,8.763,239.522,0,5.41683333333333,2.77066666666667,4.49306527777778
2000,5,16.1125806451613,34.0367741935484,25.7528360215054,0,TRUE,NA,276,8.636,239.522,0,6.11258064516129,3.83677419354839,5.65283602150538
2000,6,18.5196666666667,33.3233333333333,25.8328888888889,41.402,TRUE,NA,276,8.636,246.464666666667,3.67364685004437,3.61966666666667,-1.17666666666667,1.13288888888889
2000,7,20.1074193548387,35.5209677419355,27.3665456989247,21.336,TRUE,NA,276,8.636,231.746322580645,0.284025559105431,1.90741935483871,1.32096774193548,1.16654569892473
2000,8,18.931935483871,33.8996774193548,25.8202016129032,40.64,TRUE,NA,276,8.636,143.444451612903,0.62532697338052,1.53193548387097,1.49967741935484,0.920201612903227
2000,9,17.5323333333333,33.642,25.4894444444444,2.54,TRUE,NA,276,8.636,117.559666666667,0.0788574976715306,3.23233333333333,2.742,2.88944444444444
2000,10,10.6918064516129,22.4606451612903,16.1817836021505,131.572,TRUE,NA,277.193548387097,8.636,173.662258064516,4.15053627760252,2.6918064516129,-3.73935483870968,-0.918216397849463
2000,11,1.76803333333333,15.3693333333333,8.09747361111111,25.4,TRUE,NA,270.933333333333,20.4131333333333,248.877666666667,1.22646064703042,-0.0319666666666667,-4.73066666666667,-2.80252638888889
2000,12,1.11777419354839,16.062,7.63290188172043,6.858,TRUE,NA,267.935483870968,23.3598064516129,253.303548387097,0.211275415896488,2.81777419354839,0.962000000000002,0.932901881720429
2001,1,-0.35858064516129,12.2642258064516,5.31226612903226,28.194,TRUE,NA,263.838709677419,34.8389677419355,256.507225806452,1.23333333333333,1.14141935483871,-3.03577419354839,-1.58773387096774
2001,2,1.28257142857143,16.94,8.81208035714286,4.572,TRUE,NA,254.392857142857,50.419,256.721428571429,0.233503575076609,1.38257142857143,-0.66,0.0120803571428567
2001,3,4.38754838709677,20.5925806451613,12.6715228494624,3.048,TRUE,NA,246.064516129032,52.242064516129,255.745225806452,0.188148148148148,2.08754838709677,-0.407419354838709,0.971522849462367
2001,4,8.33446666666667,25.616,17.3694416666667,13.208,TRUE,NA,245.1,50.8,265.768666666667,1.50776255707763,3.03446666666667,0.216000000000001,1.96944166666667
2001,5,15.158064516129,31.8590322580645,23.8763306451613,9.652,TRUE,NA,243,50.8,272.959870967742,1.3203830369357,5.15806451612903,1.65903225806452,3.77633064516129
2001,6,18.64,36.0966666666667,27.5906111111111,17.78,TRUE,NA,243,50.8,271.898533333333,1.5776397515528,3.74,1.59666666666666,2.89061111111111
2001,7,19.3645161290323,33.458064516129,25.5399865591398,49.276,TRUE,NA,243,50.8,269.133483870968,0.655963791267306,1.16451612903226,-0.741935483870968,-0.660013440860215
2001,8,18.4709677419355,33.2735483870968,25.439314516129,56.642,TRUE,NA,243,50.8,296.590064516129,0.8715494691491,1.07096774193549,0.873548387096776,0.539314516129032
2001,9,17.0696666666667,32.2636666666667,24.7138472222222,13.208,TRUE,NA,243,50.8,303.4792,0.410058987891959,2.76966666666667,1.36366666666667,2.11384722222222
2001,10,11.8041612903226,28.3632258064516,19.7206209677419,2.286,TRUE,NA,243.741935483871,50.8,244.905161290323,0.0721135646687697,3.80416129032258,2.16322580645161,2.62062096774194
2001,11,6.5814,20.5763333333333,13.1400277777778,5.08,TRUE,NA,254,39.0736666666667,173.8122,0.245292129406084,4.7814,0.476333333333333,2.24002777777778
2001,12,-0.526322580645161,14.7180967741935,6.41541801075269,5.334,TRUE,NA,256.290322580645,38.181935483871,170.573290322581,0.164325323475046,1.17367741935484,-0.38190322580645,-0.284581989247312
2002,1,1.1461935483871,15.8648387096774,7.98500134408602,1.016,TRUE,NA,262.322580645161,25.1214193548387,167.623612903226,0.0444444444444444,2.6461935483871,0.564838709677419,1.08500134408602
2002,2,-2.89621428571429,15.4137142857143,11.5809241071429,28.014,FALSE,NA,264.678571428571,28.5662142857143,172.4025,1.43074565883555,-2.79621428571429,-2.18628571428572,2.78092410714286
2002,3,-1.65483870967742,18.9548387096774,16.3806451612903,0,FALSE,NA,258.838709677419,29.3167741935484,172.974,0,-3.95483870967742,-2.04516129032258,4.68064516129033
2002,4,3.06896551724138,24.7862068965517,22.7965517241379,0,FALSE,NA,241.4,28.522,161.967333333333,0,-2.23103448275862,-0.613793103448273,7.39655172413793
2002,5,4.31612903225806,27.841935483871,25.8838709677419,0,FALSE,NA,225.290322580645,28.522,154.776129032258,0,-5.68387096774194,-2.35806451612903,5.78387096774193
2002,6,10.7566666666667,33.0666666666667,31.33,1.8,FALSE,NA,220,28.522,148.041866666667,0.159716060337178,-4.14333333333333,-1.43333333333334,6.63
2002,7,14.3354838709677,30.5645161290323,27.0032258064516,32.5,FALSE,NA,220,28.522,120.158387096774,0.432641107561235,-3.86451612903226,-3.63548387096774,0.803225806451614
2002,8,12.4,29.641935483871,26.7193548387097,128.8,FALSE,NA,219.612903225806,28.522,168.916322580645,1.981843360517,-5,-2.75806451612903,1.81935483870968
2002,9,10.0034482758621,27.1344827586207,23.7379310344828,29.9,FALSE,NA,218.866666666667,28.522,204.5428,0.928283141881403,-4.29655172413793,-3.76551724137931,1.13793103448276
2002,10,3.3258064516129,20.9516129032258,16.4451612903226,11.3,FALSE,NA,209.032258064516,29.0768387096774,212.686258064516,0.356466876971609,-4.6741935483871,-5.24838709677419,-0.654838709677421
2002,11,-1.79,17.2333333333333,11.4633333333333,11.9,FALSE,NA,184.366666666667,31.8545333333333,210.278133333333,0.574601641718976,-3.59,-2.86666666666667,0.563333333333333
2002,12,-4.37064516129032,10.5677419354839,4.45454650537634,35.7,FALSE,NA,177.032258064516,48.1529677419355,219.687935483871,1.09981515711645,-2.67064516129032,-4.53225806451613,-2.24545349462366
2003,1,2.71774193548387,18.8948387096774,10.1579301075269,0.9,TRUE,FALSE,173.774193548387,59.0070967741935,222.279096774194,0.0393700787401575,4.21774193548387,3.59483870967742,3.25793010752688
2003,2,2.73428571428571,16.8285714285714,9.46349702380952,16.8,TRUE,FALSE,180.357142857143,40.1360714285714,219.403642857143,0.858018386108274,2.83428571428571,-0.771428571428572,0.663497023809523
2003,3,4.65967741935484,20.2951612903226,12.5632123655914,3.9,TRUE,FALSE,191.387096774194,37.6129032258064,234.174193548387,0.240740740740741,2.35967741935484,-0.704838709677418,0.863212365591398
2003,4,7.636,25.1166666666667,17.0725694444444,0,TRUE,FALSE,206.466666666667,38.6,234.9,0,2.336,-0.283333333333331,1.67256944444444
2003,5,14.0703225806452,31.6241935483871,23.5150134408602,0,TRUE,FALSE,222.709677419355,38.6,234.9,0,4.07032258064516,1.4241935483871,3.41501344086021
2003,6,17.939,34.909,27.0531666666667,7.5,TRUE,FALSE,228,38.6,237.61,0.665483584738243,3.039,0.408999999999999,2.35316666666667
2003,7,20.8038709677419,37.3222580645161,28.9277822580645,28.1,TRUE,FALSE,228,38.6,234.625806451613,0.374068157614483,2.60387096774194,3.12225806451612,2.72778225806452
2003,8,19.93,34.6293548387097,27.2166532258064,16.7,TRUE,FALSE,228.387096774194,38.6,164.58064516129,0.256962609632251,2.53,2.22935483870968,2.31665322580645
2003,9,17.798,32.8923333333333,25.4328472222222,5.9,TRUE,FALSE,229.133333333333,38.6,104.093333333333,0.183172927662217,3.498,1.99233333333333,2.83284722222222
2003,10,13.4832258064516,28.6006451612903,20.6520295698925,9.5,TRUE,FALSE,238.806451612903,38.0451612903226,98.6064516129032,0.299684542586751,5.48322580645161,2.40064516129032,3.55202956989247
2003,11,4.52366666666667,19.9653333333333,11.7927777777778,19.2,TRUE,FALSE,259.833333333333,35.2166666666667,110.95,0.927088363109609,2.72366666666667,-0.134666666666668,0.892777777777777
2003,12,-0.0561290322580646,15.0738709677419,7.05718279569892,11,TRUE,FALSE,267.41935483871,17.7677419354839,108.854838709677,0.338878619839803,1.64387096774194,-0.0261290322580638,0.357182795698924
2004,1,2.40229032258065,14.24,7.77731317204301,32.6,TRUE,FALSE,269.322580645161,14.6483870967742,124.458064516129,1.42607174103237,3.90229032258065,-1.06,0.87731317204301
2004,2,0.677,15.0698275862069,7.51753735632184,23.2,TRUE,FALSE,262.206896551724,26.7758620689655,130.665517241379,1.18488253319714,0.777,-2.5301724137931,-1.28246264367816
2004,3,7.916,21.8016129032258,14.7664825268817,27.3,TRUE,FALSE,263.032258064516,50.4967741935484,126.006451612903,1.68518518518519,5.616,0.801612903225806,3.06648252688172
2004,4,8.49816666666667,23.1743333333333,16.0036388285024,24.8,TRUE,FALSE,272,50.4,150.576666666667,2.8310502283105,3.19816666666667,-2.22566666666667,0.603638828502413
2004,5,14.0948709677419,30.8490322580645,23.4346115591398,1.4,TRUE,FALSE,274,50.4,155.625806451613,0.191518467852257,4.09487096774193,0.649032258064516,3.33461155913978
2004,6,18.148,34.5843333333333,26.6921527777778,17.4,TRUE,FALSE,274,50.4,155.156666666667,1.54392191659272,3.248,0.0843333333333334,1.99215277777778
2004,7,19.4977419354839,34.3896774193548,26.8034005376344,53.1,TRUE,FALSE,274,50.4,172.351612903226,0.706869009584664,1.29774193548387,0.189677419354837,0.60340053763441
2004,8,17.5416129032258,31.3890322580645,24.1312365591398,95.2,TRUE,FALSE,274,50.4,238.193548387097,1.46484074472996,0.141612903225809,-1.01096774193548,-0.768763440860212
2004,9,14.716,29.6966666666667,21.9812222222222,28.5,TRUE,TRUE,274,50.4,282.406666666667,0.884818379385284,0.416,-1.20333333333333,-0.61877777777778
2004,10,9.99748387096774,25.4958064516129,17.5403481182796,18.8,TRUE,TRUE,274.193548387097,50.4,290.606451612903,0.593059936908517,1.99748387096774,-0.704193548387096,0.440348118279569
2004,11,3.33813333333333,16.0947,9.34346944444444,25.1,TRUE,TRUE,271.8,58.72,292.853333333333,1.21197489135683,1.53813333333333,-4.0053,-1.55653055555556
2004,12,0.115709677419355,13.9007741935484,6.46734946236559,15.1,TRUE,TRUE,269.387096774194,75.5096774193548,291.01935483871,0.465187923598275,1.81570967741935,-1.19922580645161,-0.232650537634409
2005,1,2.61083870967742,14.8677419354839,8.40220833333333,55.7,TRUE,TRUE,270.967741935484,80.9225806451613,296.232258064516,2.43657042869641,4.11083870967742,-0.43225806451613,1.50220833333333
2005,2,3.89389285714286,14.2701785714286,8.60783035714286,40,TRUE,TRUE,278.678571428571,83.5464285714286,319.989285714286,2.04290091930541,3.99389285714286,-3.32982142857143,-0.192169642857143
2005,3,4.62132258064516,19.2345161290323,11.8578064516129,5.1,TRUE,TRUE,281.290322580645,65.5645161290323,319.593548387097,0.314814814814815,2.32132258064516,-1.76548387096774,0.157806451612904
2005,4,8.24206666666667,25.2813333333333,17.2064708333333,4.8,TRUE,TRUE,273.966666666667,65.8,295.543333333333,0.547945205479452,2.94206666666667,-0.118666666666666,1.80647083333333
2005,5,13.6761290322581,31.0109677419355,23.089314516129,3.1,TRUE,TRUE,274,65.8,294.661290322581,0.424076607387141,3.67612903225806,0.810967741935485,2.98931451612903
2005,6,17.978,35.0463333333333,27.4977638888889,0,TRUE,TRUE,274,65.8,294.603333333333,0,3.078,0.546333333333337,2.79776388888889
2005,7,21.2596774193548,36.1870967741935,28.840752688172,28.9,TRUE,TRUE,274,65.8,270.509677419355,0.384717784877529,3.05967741935484,1.98709677419355,2.64075268817204
2005,8,18.3603225806452,32.4022580645161,24.8423655913979,45.2,TRUE,TRUE,274,65.8,225.345161290323,0.695491614094476,0.960322580645162,0.00225806451612698,-0.0576344086021479
2005,9,17.306,32.1,24.4594583333333,33.9,TRUE,TRUE,274,65.8,217.163333333333,1.0524681775846,3.006,1.2,1.85945833333333
2005,10,10.9803225806452,25.6051612903226,17.9862849462366,22.9,TRUE,TRUE,274,65.8,221.577419354839,0.722397476340694,2.98032258064516,-0.594838709677418,0.886284946236557
2005,11,5.43376666666667,22.2106666666667,13.1669027777778,0,TRUE,TRUE,279.166666666667,57.48,211.056666666667,0,3.63376666666667,2.11066666666667,2.26690277777778
2005,12,1.69429032258065,17.1945161290323,8.86540322580645,3.9,TRUE,TRUE,282.032258064516,40.6032258064516,204.78064516129,0.120147874306839,3.39429032258065,2.09451612903226,2.16540322580645
2006,1,1.17067741935484,17.1141935483871,8.7814623655914,2.9,TRUE,FALSE,281.806451612903,27.1161290322581,181.361290322581,0.126859142607174,2.67067741935484,1.8141935483871,1.8814623655914
2006,2,3.061,19.9964285714286,11.243349702381,2.8,TRUE,FALSE,277.892857142857,12.0678571428571,152.607142857143,0.143003064351379,3.161,2.39642857142857,2.44334970238095
2006,3,5.29738709677419,20.0674193548387,12.943435483871,6.3,TRUE,FALSE,279.645161290323,8.10967741935484,145.725806451613,0.388888888888889,2.99738709677419,-0.932580645161291,1.24343548387097
2006,4,9.9519,27.33,19.1151402777778,1.1,TRUE,FALSE,281.866666666667,8.8,145.716666666667,0.125570776255708,4.6519,1.93,3.71514027777778
2006,5,15.4703225806452,32.0409677419355,24.4573790322581,0,TRUE,FALSE,282,8.8,141.712903225806,0,5.47032258064516,1.84096774193548,4.35737903225806
2006,6,20.2796666666667,35.6246666666667,28.1900833333333,12.2,TRUE,FALSE,282,8.8,147.536666666667,1.08251996450754,5.37966666666667,1.12466666666667,3.49008333333333
2006,7,20.4645161290323,34.2441935483871,26.9475,98.2,TRUE,FALSE,282,8.8,196.167741935484,1.30724174653887,2.26451612903226,0.0441935483870921,0.747500000000002
2006,8,17.3603225806452,29.1338709677419,22.6295161290323,125.3,TRUE,FALSE,282,8.8,270.754838709677,1.92798892137252,-0.0396774193548382,-3.26612903225806,-2.27048387096774
2006,9,13.903,27.2336666666667,20.1024861111111,75.5,TRUE,FALSE,282,8.8,329.363333333333,2.34399254889786,-0.397,-3.66633333333333,-2.49751388888889
2006,10,9.30245161290323,24.5464516129032,16.4634032258065,62.5,TRUE,FALSE,281.290322580645,8.8,371.974193548387,1.97160883280757,1.30245161290323,-1.65354838709677,-0.636596774193549
2006,11,4.5674,22.4196666666667,12.7703055555556,0,TRUE,FALSE,278.3,8.8,381.9,0,2.7674,2.31966666666667,1.87030555555556
2006,12,-1.52012903225806,14.8021935483871,6.04155107526882,5.8,TRUE,FALSE,276.032258064516,7.7741935483871,381.9,0.178681454097351,0.179870967741935,-0.297806451612903,-0.658448924731183
2007,1,-1.30258064516129,11.0691935483871,4.41360080645161,34.5,TRUE,FALSE,270.096774193548,23.3032258064516,382.432258064516,1.50918635170604,0.19741935483871,-4.2308064516129,-2.48639919354839
2007,2,1.96125,17.7796428571429,9.58172916666667,2.4,TRUE,FALSE,267.285714285714,43.9892857142857,380.303571428571,0.122574055158325,2.06125,0.179642857142856,0.781729166666667
2007,3,5.2288064516129,21.8154838709677,13.6760591397849,18.6,TRUE,FALSE,261.645161290323,42.1387096774194,383.248387096774,1.14814814814815,2.9288064516129,0.815483870967743,1.97605913978495
2007,4,9.03213333333333,25.3306666666667,17.5995194444444,15.1,TRUE,FALSE,261.866666666667,42.08,395.993333333333,1.72374429223744,3.73213333333333,-0.0693333333333328,2.19951944444444
2007,5,13.9429032258065,30.0764516129032,22.5443548387097,15.4,TRUE,FALSE,260,43.2,414.841935483871,2.10670314637483,3.94290322580645,-0.123548387096772,2.44435483870967
2007,6,18.4613333333333,35.5806666666667,27.7061111111111,8.1,TRUE,FALSE,260,43.2,418.543333333333,0.718722271517303,3.56133333333333,1.08066666666667,3.00611111111111
2007,7,19.2267741935484,34.4293548387097,26.3635483870968,37.3,TRUE,FALSE,260,43.2,381.116129032258,0.49653887113951,1.02677419354839,0.229354838709675,0.163548387096775
2007,8,18.79,32.2074193548387,24.9096639784946,10.6,TRUE,FALSE,260,43.2,286.522580645161,0.163102015694722,1.39,-0.192580645161286,0.00966397849462552
2007,9,16.2193333333333,30.8343333333333,23.2008055555556,3.8,TRUE,FALSE,260,43.2,189.836666666667,0.117975783918038,1.91933333333333,-0.0656666666666652,0.600805555555553
2007,10,10.0896451612903,27.8548387096774,18.797,0.7,TRUE,FALSE,260.41935483871,43.2,125.225806451613,0.0220820189274448,2.08964516129032,1.65483870967742,1.697
2007,11,7.078,21.7524333333333,13.8721888888889,12.4,TRUE,FALSE,264.4,44.4566666666667,109.476666666667,0.598744567841622,5.278,1.65243333333333,2.97218888888889
2007,12,-0.292838709677419,14.0443870967742,5.99350940860215,27.3,TRUE,FALSE,270.806451612903,57.8741935483871,127.261290322581,0.841035120147874,1.40716129032258,-1.05561290322581,-0.706490591397849
2008,1,0.51741935483871,14.2345161290323,6.89462365591398,6.9,TRUE,FALSE,273.58064516129,45.2967741935484,128.08064516129,0.301837270341207,2.01741935483871,-1.06548387096774,-0.00537634408602194
2008,2,1.63013793103448,18.9141379310345,10.2331264367816,5.1,TRUE,FALSE,272.620689655172,27.8413793103448,132.9,0.26046986721144,1.73013793103448,1.31413793103448,1.43312643678161
2008,3,4.14206451612903,21.7206451612903,13.4551438172043,0,TRUE,FALSE,268.58064516129,28.4,126.403225806452,0,1.84206451612903,0.720645161290324,1.7551438172043
2008,4,7.63783333333333,25.8053333333333,17.6125180555556,0,TRUE,FALSE,268.8,26.6266666666667,112.66,0,2.33783333333333,0.405333333333335,2.21251805555555
2008,5,11.7918387096774,29.1970967741935,21.3158911290323,4.7,TRUE,FALSE,270,25.6,95.5709677419355,0.642954856361149,1.79183870967742,-1.00290322580645,1.21589112903226
2008,6,18.7926666666667,36.1526666666667,28.2754861111111,0,TRUE,FALSE,270,25.6,86.35,0,3.89266666666667,1.65266666666667,3.57548611111111
2008,7,18.98,32.2341935483871,24.8409139784946,104.7,TRUE,FALSE,270,25.6,116.570967741935,1.39376996805112,0.780000000000001,-1.96580645161291,-1.35908602150538
2008,8,17.8151612903226,31.1158064516129,24.0019758064516,72.6,TRUE,FALSE,270,25.6,181.758064516129,1.11709493768272,0.415161290322583,-1.28419354838709,-0.898024193548384
2008,9,14.4206666666667,29.901,21.9046944444444,9.3,TRUE,FALSE,270,25.6,216.766666666667,0.288730208009935,0.120666666666667,-0.998999999999999,-0.695305555555557
2008,10,9.75009677419355,27.4996774193548,18.4542594086022,2,TRUE,FALSE,268.838709677419,25.6,218.790322580645,0.0630914826498423,1.75009677419355,1.29967741935484,1.35425940860215
2008,11,4.4575,20.7066666666667,12.0770652777778,12,TRUE,FALSE,262.766666666667,24.2466666666667,220.003333333333,0.579430226943506,2.6575,0.606666666666666,1.17706527777778
2008,12,1.08738709677419,16.1297096774194,8.33338575268817,10.3,TRUE,FALSE,262.290322580645,12.7935483870968,214.725806451613,0.317313616759088,2.78738709677419,1.02970967741936,1.63338575268817
2009,1,1.41438709677419,16.8906451612903,8.74843682795699,11.6,TRUE,FALSE,262.258064516129,15.7193548387097,216.387096774194,0.507436570428696,2.91438709677419,1.59064516129032,1.84843682795699
2009,2,2.54310714285714,20.0460714285714,11.2399672619048,3.8,TRUE,FALSE,263.142857142857,15.4607142857143,216.1,0.194075587334014,2.64310714285714,2.44607142857143,2.43996726190476
2009,3,5.99448387096774,22.5909677419355,14.4109879032258,14,TRUE,FALSE,267.967741935484,16.9129032258065,224.545161290323,0.864197530864198,3.69448387096774,1.59096774193548,2.71098790322581
2009,4,8.13596666666667,24.909,17.1706138888889,0.4,TRUE,FALSE,265.366666666667,17.5,227.766666666667,0.045662100456621,2.83596666666667,-0.491,1.77061388888889
2009,5,15.0683870967742,31.198064516129,23.6618682795699,17.2,TRUE,FALSE,264,17.5,231.909677419355,2.35294117647059,5.06838709677419,0.998064516129034,3.56186827956989
2009,6,16.9696666666667,32.4283333333333,25.0349583333333,18.7,TRUE,FALSE,264,17.5,244.153333333333,1.65927240461402,2.06966666666666,-2.07166666666667,0.334958333333333
2009,7,20.7503225806452,36.0551612903226,28.0534543010753,28.3,TRUE,FALSE,264,17.5,228.645161290323,0.376730564430245,2.55032258064516,1.85516129032258,1.85345430107527
2009,8,19.7345161290323,35.7122580645161,27.5762568812059,69.04,FALSE,FALSE,264,17.5,164.642580645161,1.06231727958147,2.33451612903226,3.31225806451613,2.67625688120595
2009,9,13.7666666666667,34.7333333333333,24.5414492753623,88.67,FALSE,TRUE,262.933333333333,17.5,215.375333333333,2.75287177895064,-0.533333333333333,3.83333333333334,1.94144927536232
2009,10,10.3088064516129,26.6038709677419,18.1067660316347,87.48,FALSE,TRUE,263.032258064516,17.6290322580645,331.994516129032,2.7596214511041,2.3088064516129,0.403870967741938,1.00676603163472
2009,11,6.04793333333333,21.028,12.9876666666667,21.7,TRUE,FALSE,263.933333333333,19.4033333333333,341.76,1.04780299372284,4.24793333333333,0.927999999999997,2.08766666666667
2009,12,0.147290322580645,12.8882903225806,6.01663575268817,17,TRUE,FALSE,256.612903225806,39.6645161290323,331.544838709677,0.523721503388786,1.84729032258064,-2.21170967741936,-0.683364247311828
2010,1,0.558451612903226,12.9138709677419,6.15872849462366,64.9,TRUE,FALSE,253.774193548387,59.8774193548387,329.619032258065,2.83902012248469,2.05845161290323,-2.38612903225807,-0.741271505376345
2010,2,2.11296428571429,15.0225,8.02397619047619,25.7,TRUE,FALSE,250.642857142857,117.325,326.704285714286,1.31256384065373,2.21296428571429,-2.5775,-0.77602380952381
2010,3,3.54145161290323,19.3835483870968,11.4805134408602,4.4,TRUE,FALSE,242.193548387097,125.51935483871,319.380322580645,0.271604938271605,1.24145161290323,-1.61645161290323,-0.219486559139785
2010,4,7.7402,23.8916666666667,16.1630041666667,6.1,TRUE,FALSE,239.433333333333,127.07,317.99,0.69634703196347,2.4402,-1.50833333333333,0.763004166666667
2010,5,11.473064516129,30.0296774193548,21.5723870967742,4.5,TRUE,FALSE,237.064516129032,132.003225806452,315.473870967742,0.615595075239398,1.47306451612903,-0.170322580645163,1.47238709677419
2010,6,18.0033333333333,35.4466666666667,27.5162916666667,3.8,TRUE,FALSE,237,132.1,301.323333333333,0.33717834960071,3.10333333333333,0.946666666666665,2.81629166666667
2010,7,19.9464516129032,33.9493548387097,26.3386827956989,29.6,TRUE,FALSE,237,132.1,281.677096774194,0.394036208732694,1.74645161290323,-0.250645161290322,0.138682795698926
2010,8,19.381935483871,33.2361290322581,25.6206720430108,42.3,TRUE,FALSE,237,132.1,287.802258064516,0.650869364517618,1.98193548387097,0.836129032258064,0.720672043010754
2010,9,17.5303333333333,32.4563333333333,24.8251388888889,5.2,TRUE,FALSE,238.066666666667,132.1,222.988,0.161440546414157,3.23033333333333,1.55633333333333,2.22513888888889
2010,10,11.6991290322581,27.03,18.8532674731183,21.9,TRUE,FALSE,239.451612903226,131.970967741935,119.67935483871,0.690851735015773,3.69912903225806,0.830000000000002,1.75326747311828
2010,11,2.9199,19.6212,10.9563958333333,1.1,TRUE,FALSE,239.466666666667,130.203333333333,115.763333333333,0.0531144374698213,1.1199,-0.478800000000003,0.0563958333333332
2010,12,2.59632258064516,18.5727096774194,9.73140860215054,7.4,TRUE,FALSE,242.193548387097,107.725806451613,115.212903225806,0.227972889710413,4.29632258064516,3.47270967741935,3.03140860215054
2011,1,-0.820290322580645,15.1538709677419,6.63782795698925,2.1,TRUE,FALSE,246.032258064516,84.8612903225806,114.893548387097,0.0918635170603675,0.679709677419355,-0.146129032258065,-0.262172043010753
2011,2,-1.27353571428571,16.7806428571429,7.53869791666667,2.1,TRUE,FALSE,247.5,26.9285714285714,112.385714285714,0.107252298263534,-1.17353571428571,-0.819357142857143,-1.26130208333333
2011,3,6.18835483870968,24.8329032258065,15.9301760752688,0.4,TRUE,FALSE,256.354838709677,16.9677419354839,111.441935483871,0.0246913580246914,3.88835483870968,3.83290322580645,4.23017607526882
2011,4,10.7352333333333,27.582,19.6178513888889,0.3,TRUE,FALSE,262.366666666667,14.83,110.083333333333,0.0342465753424658,5.43523333333333,2.182,4.21785138888889
2011,5,11.6232903225806,29.1622580645161,21.3466088709677,0,TRUE,FALSE,264.967741935484,9.89677419354839,106.496774193548,0,1.62329032258065,-1.03774193548387,1.24660887096774
2011,6,18.5123333333333,36.7656666666667,28.7313611111111,0.6,TRUE,FALSE,265,9.8,105.763333333333,0.0532386867790594,3.61233333333333,2.26566666666667,4.03136111111111
2011,7,20.2632258064516,34.4903225806452,26.844811827957,90.6,TRUE,FALSE,265,9.8,129.667741935484,1.20607028753994,2.06322580645161,0.29032258064516,0.644811827956989
2011,8,19.9141935483871,34.6145161290323,26.7841397849462,25.5,TRUE,FALSE,265,9.8,159.841935483871,0.392368056624096,2.5141935483871,2.21451612903226,1.88413978494624
2011,9,16.751,31.7446666666667,24.0317638888889,41.3,TRUE,FALSE,265,9.8,170.71,1.28221049363552,2.451,0.844666666666669,1.43176388888889
2011,10,10.2985161290323,27.5809677419355,18.6321451612903,4.9,TRUE,FALSE,264.225806451613,9.8,173.251612903226,0.154574132492114,2.29851612903226,1.38096774193549,1.53214516129032
2011,11,3.39166666666667,18.6393333333333,10.6837652777778,20.8,TRUE,FALSE,261.3,11.38,171.176666666667,1.00434572670208,1.59166666666667,-1.46066666666667,-0.216234722222222
2011,12,-0.480516129032258,11.5470322580645,4.89674731182796,56.4,TRUE,FALSE,260.612903225806,45.7258064516129,184.422580645161,1.73752310536044,1.21948387096774,-3.55296774193548,-1.80325268817204
2012,1,1.30167741935484,17.2238709677419,8.66773790322581,2.9,TRUE,FALSE,258.193548387097,60.1903225806452,186.145161290323,0.126859142607174,2.80167741935484,1.92387096774193,1.76773790322581
2012,2,1.88327586206897,17.5737931034483,9.42048706896552,14.3,TRUE,FALSE,257.206896551724,64.0034482758621,187.5,0.730337078651685,1.98327586206897,-0.0262068965517237,0.620487068965517
2012,3,4.11287096774194,21.7774516129032,13.1563481182796,5.7,TRUE,FALSE,250.677419354839,73.7064516129032,187.490322580645,0.351851851851852,1.81287096774194,0.777451612903224,1.45634811827957
2012,4,9.5927,27.7963333333333,19.2074791666667,0.7,TRUE,FALSE,249.666666666667,76.1966666666667,187.24,0.0799086757990868,4.2927,2.39633333333333,3.80747916666667
2012,5,13.7867741935484,31.7132258064516,23.4628494623656,4.3,TRUE,FALSE,250,76.5,190.335483870968,0.588235294117647,3.78677419354839,1.51322580645162,3.36284946236559
2012,6,19.2453333333333,37.3766666666667,29.0440416666667,0.3,TRUE,FALSE,250,76.5,191.58,0.0266193433895297,4.34533333333333,2.87666666666667,4.34404166666667
2012,7,19.3825806451613,33.3787096774194,25.8415994623656,38.7,TRUE,FALSE,250,76.5,176.922580645161,0.51517571884984,1.18258064516129,-0.821290322580644,-0.358400537634406
2012,8,19.7161290322581,34.5532258064516,26.7397849462366,12.4,TRUE,FALSE,250,76.5,129.554838709677,0.1907985843976,2.31612903225806,2.15322580645162,1.83978494623656
2012,9,16.061,30.514,22.7923333333333,9.7,TRUE,FALSE,250,76.5,104.203333333333,0.301148711580255,1.761,-0.385999999999999,0.19233333333333
2012,10,11.181935483871,28.8722580645161,19.8077029569892,0.1,TRUE,FALSE,250.806451612903,76.5,90.8709677419355,0.00315457413249211,3.18193548387097,2.67225806451613,2.70770295698924
2012,11,7.4826,22.613,14.5160861111111,2.8,TRUE,FALSE,258.066666666667,74.6566666666667,85.8466666666667,0.135200386286818,5.6826,2.513,3.61608611111111
2012,12,1.17822580645161,15.4448709677419,7.74560349462366,11.4,TRUE,FALSE,268.709677419355,42.6870967741935,73.2967741935484,0.351201478743068,2.87822580645161,0.344870967741937,1.04560349462366
2013,1,-1.53529032258065,12.6306774193548,5.23558467741935,10.4,TRUE,FALSE,267.258064516129,33.1,70.8935483870968,0.454943132108486,-0.0352903225806451,-2.66932258064516,-1.66441532258065
2013,2,-0.57075,15.3396428571429,7.18038541666667,7,TRUE,FALSE,270.464285714286,34.6535714285714,72.3,0.357507660878447,-0.47075,-2.26035714285714,-1.61961458333333
2013,3,6.54990322580645,23.6151612903226,15.2990510752688,4.4,TRUE,FALSE,273.129032258065,29.8483870967742,73.5903225806452,0.271604938271605,4.24990322580645,2.61516129032258,3.59905107526882
2013,4,9.76953333333333,26.3576666666667,18.6249680555556,1.4,TRUE,FALSE,274.333333333333,28.0033333333333,74.8266666666667,0.159817351598174,4.46953333333333,0.957666666666668,3.22496805555556
2013,5,13.4860967741935,29.8903225806452,22.5292446236559,0.8,TRUE,FALSE,274,27.7,72.6322580645161,0.109439124487004,3.48609677419355,-0.309677419354838,2.42924462365591
2013,6,19.8496666666667,37.411,29.4764583333333,4.2,TRUE,FALSE,274,27.7,73.77,0.372670807453416,4.94966666666667,2.911,4.77645833333333
2013,7,19.1567741935484,32.5377419354839,25.2229166666667,58.4,TRUE,FALSE,274,27.7,75.7483870967742,0.777422790202343,0.956774193548387,-1.66225806451613,-0.977083333333333
2013,8,18.62,32.64,25.2115322580645,56.3,TRUE,FALSE,274,27.7,110.467741935484,0.866287121095553,1.22,0.240000000000002,0.311532258064517
2013,9,16.138,29.853,22.5228333333333,70.7,TRUE,FALSE,274,27.7,175.453333333333,2.19497050605402,1.838,-1.047,-0.0771666666666668
2013,10,8.95483870967742,26.4651612903226,17.5822701612903,0,TRUE,FALSE,273.967741935484,27.7,200.1,0,0.95483870967742,0.265161290322581,0.48227016129032
2013,11,4.71336666666667,19.0578,11.4955666666667,22,TRUE,FALSE,270.133333333333,32.46,199.676666666667,1.06228874939643,2.91336666666667,-1.0422,0.595566666666667
2013,12,0.471935483870968,14.5083870967742,6.78521102150538,15,TRUE,FALSE,260.838709677419,52.1967741935484,198.016129032258,0.462107208872458,2.17193548387097,-0.591612903225807,0.0852110215053763
2014,1,1.54048387096774,17.9935483870968,9.11168817204301,0,TRUE,FALSE,261.161290322581,51.0483870967742,197.270967741935,0,3.04048387096774,2.69354838709677,2.21168817204301
2014,2,4.5355,21.2907142857143,12.7570446428571,0.1,TRUE,FALSE,265.035714285714,42.85,194.6,0.00510725229826354,4.6355,3.69071428571429,3.95704464285714
2014,3,6.49909677419355,22.0348387096774,14.4511102150538,10.6,TRUE,FALSE,277.903225806452,36.8451612903226,203.429032258065,0.654320987654321,4.19909677419355,1.03483870967742,2.75111021505376
2014,4,9.60493333333333,25.5986666666667,17.9706263888889,5.8,TRUE,FALSE,279.266666666667,36.2,204.693333333333,0.662100456621005,4.30493333333333,0.198666666666668,2.57062638888889
2014,5,13.5297096774194,29.6812903225806,22.2694784946237,0.1,TRUE,FALSE,281,36.2,207.164516129032,0.0136798905608755,3.52970967741935,-0.518709677419356,2.16947849462365
2014,6,20.372,36.9813333333333,29.3937916666667,6.6,TRUE,FALSE,281,36.2,207.82,0.585625554569654,5.472,2.48133333333333,4.69379166666667
2014,7,19.3438709677419,34.7196774193548,26.2658064516129,73.5,TRUE,FALSE,281,36.2,220.806451612903,0.978434504792332,1.14387096774194,0.519677419354835,0.0658064516129038
2014,8,17.4203225806452,30.3938709677419,23.3450403225806,96.6707733333334,TRUE,FALSE,281,36.2,262.951209462366,1.4874715084372,0.0203225806451641,-2.00612903225806,-1.55495967741935
2014,9,16.458,29.1376666666667,22.3044444444444,101.938666666667,TRUE,FALSE,281,36.2,266.309717333333,3.16481423988409,2.158,-1.76233333333333,-0.295555555555556
2014,10,11.3051612903226,27.7312903225806,18.9451478494624,26.9409333333333,TRUE,FALSE,281.032258064516,36.2,315.101975913979,0.849871713985279,3.30516129032258,1.53129032258065,1.84514784946236
2014,11,3.39456666666667,20.252,11.1568444444444,7.86384,TRUE,FALSE,281.333333333333,31.44,329.815418666667,0.379712216320618,1.59456666666667,0.151999999999997,0.256844444444445
2014,12,2.01222580645161,15.657064516129,8.16979301075269,18.34896,TRUE,FALSE,285.516129032258,9.55324129032258,337.295546666667,0.565279112754159,3.71222580645161,0.557064516129033,1.46979301075269
2015,1,0.358322580645161,14.1231935483871,6.64761559139785,41.06672,TRUE,FALSE,287.354838709677,16.4759535483871,341.04895655914,1.79644444444444,1.85832258064516,-1.1768064516129,-0.252384408602151
2015,2,4.86464285714286,20.8557142857143,12.4148125,2.33002666666667,TRUE,FALSE,291.464285714286,17.2587019047619,372.745238095238,0.119000340483487,4.96464285714286,3.25571428571428,3.6148125
2015,3,6.82738709677419,21.6329032258065,14.2013051075269,21.5527466666667,TRUE,FALSE,286.677419354839,18.9314666666667,375.724108387097,1.33041646090535,4.52738709677419,0.632903225806452,2.50130510752688
2015,4,8.05473333333333,24.867,16.9951722222222,4.95130666666667,TRUE,FALSE,287.6,18.9314666666667,382.244668444444,0.565217656012177,2.75473333333333,-0.532999999999998,1.59517222222222
2015,5,11.3913870967742,27.9864516129032,20.2148830645161,1.01938666666667,TRUE,FALSE,286,18.9314666666667,383.557917419355,0.139450980392157,1.39138709677419,-2.21354838709677,0.114883064516128
2015,6,18.8886666666667,36.1963333333333,27.9217638888889,7.13570666666667,TRUE,FALSE,286,18.9314666666667,383.933158222222,0.633159420289855,3.98866666666667,1.69633333333334,3.22176388888889
2015,7,18.7893548387097,32.8767741935484,24.8834005376344,103.394933333333,TRUE,FALSE,286,18.9314666666667,398.101972473118,1.37639687610934,0.589354838709678,-1.32322580645162,-1.31659946236559
2015,8,18.7664516129032,34.1438709677419,25.6973387096774,51.8430933333333,TRUE,FALSE,286,18.9314666666667,380.866207311828,0.797708775709083,1.36645161290323,1.74387096774193,0.797338709677422
2015,9,16.752,30.948,23.26875,45.8724,TRUE,FALSE,286,18.9314666666667,354.814519111111,1.42416640794784,2.452,0.0480000000000018,0.668749999999999
2015,10,11.7532903225806,26.4,18.5479916666667,19.0770933333333,TRUE,FALSE,286,18.9314666666667,301.978032688172,0.601801051524711,3.75329032258064,0.199999999999999,1.44799166666667
2015,11,3.90826666666667,18.9630666666667,11.1603926194915,31.5963733333333,FALSE,TRUE,283.966666666667,21.0864257777778,305.575736,1.52565781426042,2.10826666666667,-1.13693333333334,0.260392619491455
2015,12,-1.11138709677419,15.0516129032258,6.52468837565513,169.750053333333,FALSE,TRUE,276.064516129032,131.136990107527,314.189653333333,5.22951489012117,0.588612903225806,-0.0483870967741939,-0.175311624344873
2016,1,-0.174225806451613,14.1104193548387,6.41949462365591,21.1158666666667,TRUE,TRUE,273.935483870968,197.820732043011,310.43624344086,0.923703703703704,1.32577419354839,-1.18958064516129,-0.480505376344087
2016,2,3.32227586206897,21.081724137931,11.8642793513957,6.5532,TRUE,TRUE,266.137931034483,206.827393103448,278.737092413793,0.334688457609806,3.42227586206897,3.48172413793103,3.06427935139573
2016,3,6.37954838709677,23.7483870967742,15.3015497311828,0,TRUE,TRUE,267.58064516129,205.205413333333,264.76584172043,0,4.07954838709677,2.7483870967742,3.6015497311828
2016,4,8.71573333333333,25.3526666666667,17.4174513888889,3.64066666666667,TRUE,TRUE,262.866666666667,205.205413333333,258.613663111111,0.415601217656013,3.41573333333333,-0.0473333333333308,2.01745138888889
2016,5,12.7638709677419,29.2706451612903,21.7838037634409,2.1844,TRUE,FALSE,264,205.205413333333,256.117496774194,0.298823529411765,2.76387096774194,-0.929354838709678,1.68380376344086
2016,6,19.176,35.424,27.5639861111111,31.7466133333333,TRUE,FALSE,264,205.205413333333,273.608355555556,2.81691333924874,4.276,0.923999999999999,2.86398611111111
2016,7,19.6667741935484,34.9861290322581,27.2444892473118,107.181226666667,TRUE,FALSE,264,205.205413333333,287.779552688172,1.42680014199503,1.46677419354839,0.78612903225806,1.04448924731183
2016,8,17.4864516129032,31.9025806451613,24.0870564516129,19.6596,TRUE,FALSE,264,205.205413333333,268.105859784946,0.302501923372827,0.0864516129032289,-0.497419354838708,-0.812943548387096
2016,9,15.0286666666667,29.9563333333333,22.0451666666667,89.5604,TRUE,FALSE,264,205.205413333333,267.530869333333,2.78051536789817,0.728666666666665,-0.943666666666665,-0.554833333333335
2016,10,12.4271935483871,29.4235483870968,20.5690497311828,4.95130666666666,TRUE,FALSE,264,205.205413333333,292.209421935484,0.156192639327024,4.4271935483871,3.22354838709677,3.4690497311828
2016,11,5.58676666666667,20.3536666666667,12.7100513888889,5.67266666666667,TRUE,FALSE,270.633333333333,202.934844444444,277.792671111111,0.273909544503461,3.78676666666667,0.253666666666664,1.81005138888889
2016,12,2.53183870967742,15.2954516129032,8.42464112903226,36.322,TRUE,FALSE,276.41935483871,97.7240662365592,266.858299354839,1.11897720271103,4.23183870967742,0.195451612903225,1.72464112903226
2017,1,1.06048387096774,14.4330322580645,7.36010215053763,37.084,TRUE,FALSE,284.967741935484,41.8300309677419,285.900105806452,1.62222222222222,2.56048387096774,-0.866967741935484,0.460102150537634
2017,2,4.02903571428571,19.5142857142857,11.2958348214286,16.764,TRUE,FALSE,287,54.8277142857143,292.899737142857,0.856179775280899,4.12903571428571,1.91428571428571,2.49583482142857
2017,3,8.35796774193548,25.0074193548387,16.8241465053763,1.27,TRUE,FALSE,283.870967741935,58.42,296.707396129032,0.0783950617283951,6.05796774193548,4.00741935483871,5.12414650537634
2017,4,9.74043333333333,27.7766666666667,19.4353805555556,0,TRUE,FALSE,289.6,58.42,295.058704888889,0,4.44043333333333,2.37666666666667,4.03538055555555
2017,5,12.7807419354839,29.9861290322581,22.2375846774194,0.145626666666667,TRUE,FALSE,290,58.42,293.069569892473,0.019921568627451,2.78074193548387,-0.213870967741936,2.13758467741935
2017,6,19.26,37.3356666666667,28.9906944444444,6.11632,TRUE,FALSE,290,58.42,273.132183111111,0.542708074534162,4.36,2.83566666666667,4.29069444444444
2017,7,19.8364516129032,33.61,26.1317741935484,97.8557333333333,TRUE,FALSE,290,58.42,235.634548817204,1.30265885694001,1.63645161290323,-0.590000000000003,-0.0682258064516112
2017,8,17.8264516129032,32.168064516129,24.6984005376344,33.528,TRUE,FALSE,290,58.42,267.626383655914,0.515894753038929,0.426451612903229,-0.231935483870963,-0.201599462365589
2017,9,16.136,31.8153333333333,23.8870694444444,4.064,TRUE,FALSE,290,58.42,230.223374222222,0.126171996274449,1.836,0.915333333333336,1.28706944444444
2017,10,11.5226451612903,28.8835483870968,20.026,4.572,TRUE,FALSE,289.870967741935,58.42,184.31416516129,0.144227129337539,3.52264516129032,2.68354838709677,2.926
2017,11,8.43616666666667,24.9713333333333,15.9797041666667,3.302,TRUE,FALSE,291.466666666667,58.2760666666667,184.026531555556,0.159439884113955,6.63616666666667,4.87133333333333,5.07970416666667
2017,12,2.14848387096774,16.1758064516129,8.61163440860215,15.494,TRUE,FALSE,299.838709677419,52.4632903225806,180.342260645161,0.477325939617991,3.84848387096774,1.0758064516129,1.91163440860215
2018,1,1.6351935483871,17.3339032258065,8.82933064516129,1.27,TRUE,FALSE,298.516129032258,41.1316129032258,162.119809032258,0.0555555555555556,3.1351935483871,2.03390322580645,1.92933064516129
2018,2,4.02546428571429,18.1967142857143,10.9363214285714,19.812,TRUE,FALSE,301.214285714286,19.1044285714286,164.624108571429,1.01184882533197,4.12546428571429,0.596714285714285,2.13632142857143
2018,3,5.75912903225806,22.7251612903226,14.3283803763441,1.016,TRUE,FALSE,297.129032258065,16.002,171.329357419355,0.062716049382716,3.45912903225806,1.72516129032258,2.62838037634409
2018,4,11.4441,28.5363333333333,20.4457166666667,0,TRUE,FALSE,292.4,16.002,171.17368,0,6.1441,3.13633333333333,5.04571666666667
2018,5,14.050064516129,32.3745161290323,24.2789919354839,0.508,TRUE,FALSE,292,16.002,171.557247311828,0.0694938440492476,4.05006451612903,2.17451612903226,4.17899193548387
2018,6,18.7816666666667,36.574,28.3363055555556,15.24,TRUE,FALSE,292,16.002,178.333206222222,1.35226264418811,3.88166666666667,2.074,3.63630555555556
2018,7,20.6738709677419,35.1283870967742,27.7919220430108,25.654,TRUE,FALSE,292,16.002,168.717139784946,0.341506922257721,2.47387096774193,0.928387096774188,1.59192204301075
2018,8,19.4587096774194,34.2412903225806,26.3664247311828,43.94,TRUE,FALSE,292,16.002,113.323870967742,0.676104016002462,2.05870967741935,1.84129032258065,1.4664247311828
2018,9,17.672,32.2043333333333,24.6913055555556,39.112,TRUE,FALSE,292,16.002,137.859133333333,1.21428127910587,3.372,1.30433333333333,2.09130555555555
2018,10,10.4477741935484,22.261935483871,16.238185483871,56.134,TRUE,FALSE,291.612903225806,20.066,174.360903225806,1.77078864353312,2.44777419354839,-3.93806451612903,-0.861814516129034
2018,11,3.1915,19.2793333333333,10.7052013888889,5.588,TRUE,FALSE,285.866666666667,24.0622666666667,195.049066666667,0.269821342346692,1.3915,-0.820666666666668,-0.194798611111111
2018,12,1.97103225806452,13.6673225806452,7.40138844086021,46.736,TRUE,FALSE,273.41935483871,23.5236774193548,223.718838709677,1.43980283425755,3.67103225806452,-1.43267741935484,0.701388440860215
2019,1,0.765225806451613,13.8935483870968,6.82391129032258,17.018,FALSE,FALSE,269.58064516129,37.0921935483871,232.272903225806,0.744444444444444,2.26522580645161,-1.40645161290323,-0.0760887096774194
2019,2,1.18203571428571,15.6558571428571,8.05695833333333,9.144,TRUE,FALSE,266.607142857143,40.5583571428571,223.786142857143,0.467007150153218,1.28203571428571,-1.94414285714286,-0.743041666666667
2019,3,4.65448387096774,20.9996774193548,13.0547083333333,21.082,TRUE,FALSE,265.225806451613,57.1008387096774,214.976322580645,1.30135802469136,2.35448387096774,-0.000322580645160997,1.35470833333333
2019,4,9.221,25.953,18.1794013888889,6.096,TRUE,FALSE,263.966666666667,65.278,217.714333333333,0.695890410958904,3.921,0.553000000000001,2.77940138888889
2019,5,11.2504193548387,27.6425806451613,20.247875,6.604,FALSE,FALSE,264,65.278,224.677483870968,0.903419972640219,1.25041935483871,-2.55741935483871,0.147874999999999
2019,6,17.394,35.2283333333333,27.119,8.636,TRUE,FALSE,264,65.278,220.3644,0.766282165039929,2.494,0.728333333333332,2.419
2019,7,20.1609677419355,36.6670967741935,28.2572580645161,38.608,TRUE,FALSE,264,65.278,222.366903225806,0.51395101171459,1.96096774193548,2.46709677419354,2.05725806451613
2019,8,20.3325806451613,35.9083870967742,27.6619489247312,34.794,TRUE,FALSE,264,65.278,232.033290322581,0.53537467302662,2.93258064516129,3.50838709677419,2.76194892473118
2019,9,17.2846666666667,30.757,23.7273611111111,58.42,TRUE,FALSE,264,65.278,226.121333333333,1.8137224464452,2.98466666666667,-0.142999999999997,1.12736111111111
2019,10,9.62777419354839,25.9370967741935,17.6118575268817,3.302,TRUE,FALSE,264,61.214,223.720838709677,0.10416403785489,1.62777419354839,-0.262903225806451,0.51185752688172
2019,11,5.46086666666667,19.046,11.7137611111111,92.964,TRUE,FALSE,263.5,64.8377333333333,206.2694,4.48884596813134,3.66086666666667,-1.054,0.813761111111111
2019,12,1.48145161290323,13.3335483870968,6.7682311827957,24.892,TRUE,FALSE,269.451612903226,122.567290322581,200.492129032258,0.766851509550216,3.18145161290323,-1.76645161290323,0.0682311827956985
2020,1,0.981774193548387,15.7661290322581,7.68585887096774,5.334,TRUE,FALSE,268.967741935484,112.653096774194,196.403548387097,0.233333333333333,2.48177419354839,0.466129032258063,0.785858870967742
2020,2,1.9231724137931,16.7667931034483,8.92681465517241,13.462,TRUE,FALSE,268.48275862069,116.480896551724,198.930551724138,0.687538304392237,2.0231724137931,-0.833206896551726,0.126814655172414
2020,3,5.64345161290323,19.74,12.6519946236559,50.292,TRUE,FALSE,272.387096774194,103.484516129032,234.216774193548,3.10444444444444,3.34345161290323,-1.26,0.951994623655915
2020,4,8.91256666666667,26.6106666666667,18.4436347222222,0.254,TRUE,FALSE,273.466666666667,96.012,244.5218,0.0289954337899543,3.61256666666667,1.21066666666667,3.04363472222222
2020,5,14.2767741935484,33.0587096774194,24.521935483871,0,TRUE,FALSE,273,96.012,237.141870967742,0,4.27677419354839,2.85870967741935,4.42193548387097
2020,6,18.6466666666667,36.3016666666667,28.0044722222222,1.016,TRUE,FALSE,273,96.012,233.616733333333,0.090150842945874,3.74666666666667,1.80166666666667,3.30447222222222
2020,7,20.6729032258065,36.3225806451613,28.4521102150538,48.764,TRUE,FALSE,273,96.012,223.211806451613,0.649148029818956,2.47290322580645,2.12258064516129,2.25211021505377
2020,8,20.981935483871,37.4154838709677,28.9559677419355,8.89,TRUE,FALSE,273,96.012,219.631483870968,0.136790275426989,3.58193548387097,5.01548387096774,4.05596774193549
2020,9,16.0813333333333,32.559,24.260740981241,8.89,FALSE,FALSE,273,96.012,192.257066666667,0.276001241850357,1.78133333333333,1.659,1.66074098124098
2020,10,10.9751612903226,29.8390322580645,20.1237932900433,86.46,FALSE,FALSE,273.290322580645,109.680387096774,159.048,2.72744479495268,2.97516129032258,3.63903225806452,3.02379329004329
2020,11,4.88333333333333,22.4416666666667,13.6083740601504,2.26,FALSE,TRUE,273.233333333333,171.742266666667,152.919533333333,0.10912602607436,3.08333333333333,2.34166666666667,2.70837406015038
2020,12,-1.783,15.2064516129032,6.53250626042206,196.93,FALSE,FALSE,267.677419354839,109.388,268.019483870968,6.06685150955022,-0.083,0.106451612903227,-0.167493739577943
2021,1,0.269806451612903,14.6154516129032,6.8771061827957,0.508,TRUE,FALSE,265.161290322581,100.752709677419,319.095419354839,0.0222222222222222,1.7698064516129,-0.684548387096775,-0.0228938172043014
2021,2,1.75478571428571,18.6085714285714,10.0009017857143,0,TRUE,FALSE,263.428571428571,93.2266428571429,315.781714285714,0,1.85478571428571,1.00857142857143,1.20090178571428
2021,3,3.80412903225806,20.5093548387097,12.4733481182796,0,TRUE,FALSE,255.258064516129,89.0441290322581,278.783161290323,0,1.50412903225806,-0.490645161290324,0.773348118279571
2021,4,12.5506666666667,28.6086666666667,20.6797929292929,0,FALSE,FALSE,252.333333333333,88.954,264.933333333333,0,7.25066666666667,3.20866666666667,5.27979292929293
